category,brand,name,spec_count,official_url,status
"laptop","Dell","","0","","NO_VALID_PRODUCT_FOUND"
"laptop","HP","","0","","NO_VALID_PRODUCT_FOUND"
"laptop","Lenovo","","0","","NO_VALID_PRODUCT_FOUND"
"laptop","ASUS","ASUS Chromebook CM14 | Chromebook Laptop | ASUS Global","6","https://www.asus.com/africa-fr/laptops/for-home/chromebook/asus-chromebook-cm14-cm1406/","ACCEPTED"
"laptop","ASUS","ASUS Vivobook S 14 OLED (S5406)｜PC portables Pour la maison｜ASUS Afrique","12","https://www.asus.com/africa-fr/laptops/for-home/vivobook/asus-vivobook-s-14-oled-s5406/","ACCEPTED"
"laptop","Acer","","0","","NO_VALID_PRODUCT_FOUND"
"desktop","Dell","","0","","NO_VALID_PRODUCT_FOUND"
"desktop","HP","","0","","NO_VALID_PRODUCT_FOUND"
"desktop","Lenovo","","0","","NO_VALID_PRODUCT_FOUND"
"desktop","ASUS","ProArt Display OLED PA32DC - Avis｜Moniteurs｜ASUS Afrique","6","https://www.asus.com/africa-fr/displays-desktops/monitors/proart/proart-display-oled-pa32dc/review/","ACCEPTED"
"desktop","ASUS","ZenScreen Touch MB16AMT - Avis｜Moniteurs｜ASUS Afrique","6","https://www.asus.com/africa-fr/displays-desktops/monitors/zenscreen/zenscreen-touch-mb16amt/review/","ACCEPTED"
"desktop","Acer","","0","","NO_VALID_PRODUCT_FOUND"
"ram","Kingston","","0","","NO_VALID_PRODUCT_FOUND"
"ram","Crucial","","0","","NO_VALID_PRODUCT_FOUND"
"ram","Corsair","","0","","NO_VALID_PRODUCT_FOUND"
"ram","G.Skill","","0","","NO_VALID_PRODUCT_FOUND"
"ram","TeamGroup","","0","","NO_VALID_PRODUCT_FOUND"
"mainboard","ASUS","ASUS Prime MR120 ARGB Reverse Fan - Triple Pack - Avis｜Refroidissement｜ASUS Afrique","6","https://www.asus.com/africa-fr/motherboards-components/cooling/prime/asus-prime-mr120-argb-reverse-fan-triple-pack/review/","ACCEPTED"
"mainboard","ASUS","PRIME-RTX5070TI-16G - Avis｜Cartes graphiques｜ASUS Afrique","6","https://www.asus.com/africa-fr/motherboards-components/graphics-cards/prime/prime-rtx5070ti-16g/review/","ACCEPTED"
"mainboard","MSI","","0","","NO_VALID_PRODUCT_FOUND"
"mainboard","GIGABYTE","","0","","NO_VALID_PRODUCT_FOUND"
"mainboard","ASRock","ASRock","10","https://www.asrock.com/MB/AMD/B850%20Challenger%20WiFi/","ACCEPTED"
"mainboard","ASRock","ASRock","10","https://www.asrock.com/MB/AMD/B850%20Challenger%20WiFi%20White/","ACCEPTED"
"mainboard","BIOSTAR","","0","","NO_VALID_PRODUCT_FOUND"
"cpu","Intel","","0","","NO_VALID_PRODUCT_FOUND"
"cpu","AMD","","0","","NO_VALID_PRODUCT_FOUND"
"ssd","Samsung","","0","","NO_VALID_PRODUCT_FOUND"
"ssd","Kingston","","0","","NO_VALID_PRODUCT_FOUND"
"ssd","Crucial","","0","","NO_VALID_PRODUCT_FOUND"
"ssd","Western Digital","","0","","NO_VALID_PRODUCT_FOUND"
"ssd","Seagate","","0","","NO_VALID_PRODUCT_FOUND"
"vga","ASUS","PRIME-RTX5070TI-16G - Avis｜Cartes graphiques｜ASUS Afrique","6","https://www.asus.com/africa-fr/motherboards-components/graphics-cards/prime/prime-rtx5070ti-16g/review/","ACCEPTED"
"vga","ASUS","DUAL-GTX1650-4GD6-MINI - Avis｜Cartes graphiques｜ASUS Afrique","6","https://www.asus.com/africa-fr/motherboards-components/graphics-cards/dual-mini/dual-gtx1650-4gd6-mini/review/","ACCEPTED"
"vga","MSI","","0","","NO_VALID_PRODUCT_FOUND"
"vga","GIGABYTE","","0","","NO_VALID_PRODUCT_FOUND"
"vga","ZOTAC","","0","","NO_VALID_PRODUCT_FOUND"
"vga","PNY","","0","","NO_VALID_PRODUCT_FOUND"
"psu","Corsair","","0","","NO_VALID_PRODUCT_FOUND"
"psu","Seasonic","","0","","NO_VALID_PRODUCT_FOUND"
"psu","Cooler Master","","0","","NO_VALID_PRODUCT_FOUND"
"psu","Thermaltake","","0","","NO_VALID_PRODUCT_FOUND"
"psu","MSI","","0","","NO_VALID_PRODUCT_FOUND"
