"model","status","image_count","spec_count","official_page","note"
"H6c G1 4K","ACCEPTED","5","18","https://www.ezviz.com/vn/product/h6c-g1-4k/174367",""
"H6c Pro","ACCEPTED","5","18","https://www.ezviz.com/product/h6c-pro/50430",""
"C6N G1 4K","ACCEPTED","5","18","https://www.ezviz.com/vn/product/c6n-g1-4k/192331",""
"H7c Dual 2K⁺","ACCEPTED","5","18","https://www.ezviz.com/vn/product/h7c-dual-2k%E2%81%BA/56291",""
"TY7 Dual 2K⁺","ACCEPTED","5","18","https://www.ezviz.com/vn/product/ty7-dual-2k%E2%81%BA/347001",""
"H90 Dual 2K⁺","ACCEPTED","5","18","https://www.ezviz.com/vn/product/h90-dual-2k%E2%81%BA/72463",""
"H80f Multi 2K⁺","ACCEPTED","5","18","https://www.ezviz.com/vn/product/h80f-multi-2k%E2%81%BA/67485",""
"H80x Dual","ACCEPTED","5","18","https://www.ezviz.com/vn/product/h80x-dual/63551",""
"H8x 2K⁺","ACCEPTED","5","18","https://www.ezviz.com/vn/product/h8x-2k%E2%81%BA/67273",""
"H8 Pro 3K","ACCEPTED","5","18","https://www.ezviz.com/product/h8-pro-3k/43242",""
"H8c Pro","ACCEPTED","5","18","https://www.ezviz.com/vn/product/h8c-pro-2k/60279",""
"H9c Dual 3K","ACCEPTED","5","18","https://www.ezviz.com/product/h9c-dual-3k/56091",""
"C8c 4K","ACCEPTED","5","18","https://www.ezviz.com/product/c8c-4k/63057",""
"C9c Dual 3K","ACCEPTED","5","18","https://www.ezviz.com/vn/product/c9c-dual-3k/360687",""
"H3c 2K⁺","ACCEPTED","5","18","https://www.ezviz.com/product/h3c-2k/44668",""
