model,status,image
"RG-NBF6002M","NOT_FOUND",""
"RG-NBF5200M-8FS16GT4XS","DOWNLOADED","media/reyee/rg-nbf5200m-8fs16gt4xs/main.png"
"RG-NBF2100S-8GT1SC","DOWNLOADED","media/reyee/rg-nbf2100s-8gt1sc/main.png"
"RG-NBF2100S-8GT1SC-P","DOWNLOADED","media/reyee/rg-nbf2100s-8gt1sc-p/main.png"
"RG-NBF2100S-16GT1SC-P","DOWNLOADED","media/reyee/rg-nbf2100s-16gt1sc-p/main.png"
"RG-APF1250","NOT_FOUND",""
"RG-RAP1200(P)","DOWNLOADED","media/reyee/rg-rap1200p/main.png"
"RG-RAP1200(F)","DOWNLOADED","media/reyee/rg-rap1200f/main.png"
"RG-RAP1201","NOT_FOUND",""
"RG-RAP1260","NOT_FOUND",""
"RG-RAP1261","NOT_FOUND",""
"RG-RAP2200(E)","DOWNLOADED","media/reyee/rg-rap2200e/main.png"
"RG-RAP2200(F)","DOWNLOADED","media/reyee/rg-rap2200f/main.png"
"RG-RAP2260(G)","DOWNLOADED","media/reyee/rg-rap2260g/main.jpg"
"RG-RAP62","DOWNLOADED","media/reyee/rg-rap62/main.png"
"RG-RAP2266","NOT_FOUND",""
"RG-RAP2260","DOWNLOADED","media/reyee/rg-rap2260/main.png"
"RG-RAP2260(E)","DOWNLOADED","media/reyee/rg-rap2260e/main.jpg"
"RG-RAP2260(H)","DOWNLOADED","media/reyee/rg-rap2260h/main.png"
"RG-RAP72","DOWNLOADED","media/reyee/rg-rap72/main.png"
"RG-RAP72Pro","DOWNLOADED","media/reyee/rg-rap72pro/main.png"
"RG-RAP73HD","NOT_FOUND",""
"RG-RAP52-OD","NOT_FOUND",""
"RG-RAP6202(G)","NOT_FOUND",""
"RG-RAP6262(G)","DOWNLOADED","media/reyee/rg-rap6262g/main.jpg"
"RG-RAP6260(G)","NOT_FOUND",""
"RG-RAP6262","NOT_FOUND",""
"RG-RAP62-OD","DOWNLOADED","media/reyee/rg-rap62-od/main.png"
"RG-RAP6260(H)","NOT_FOUND",""
"RG-RAP6260(H)-D","NOT_FOUND",""
"RG-RAP72Pro-OD","DOWNLOADED","media/reyee/rg-rap72pro-od/main.png"
"RG-NBS7006","NOT_FOUND",""
"RG-NBS7003","NOT_FOUND",""
"RG-NBS6002","NOT_FOUND",""
"RG-NBS5300-8MG2XS-UP","NOT_FOUND",""
"RG-NBS5100-24GT4SFP","DOWNLOADED","media/reyee/rg-nbs5100-24gt4sfp/main.png"
"RG-NBS5100-24GT4SFP-P","DOWNLOADED","media/reyee/rg-nbs5100-24gt4sfp-p/main.png"
"RG-NBS5100-48GT4SFP","DOWNLOADED","media/reyee/rg-nbs5100-48gt4sfp/main.png"
"RG-NBS5200-24SFP/8GT4XS","DOWNLOADED","media/reyee/rg-nbs5200-24sfp-8gt4xs/main.png"
"RG-NBS5200-24GT4XS-P-V2","DOWNLOADED","media/reyee/rg-nbs5200-24gt4xs-p-v2/main.png"
"RG-NBS5200-24GT4XS","DOWNLOADED","media/reyee/rg-nbs5200-24gt4xs/main.png"
"RG-NBS5200-48GT4XS-UP","NOT_FOUND",""
"RG-NBS5200-48GT4XS","DOWNLOADED","media/reyee/rg-nbs5200-48gt4xs/main.png"
"RG-NBS3200-24GT4XS","DOWNLOADED","media/reyee/rg-nbs3200-24gt4xs/main.png"
"RG-NBS3200-24SFP/8GT4XS","DOWNLOADED","media/reyee/rg-nbs3200-24sfp-8gt4xs/main.png"
"RG-NBS3200-24GT4XS-P","DOWNLOADED","media/reyee/rg-nbs3200-24gt4xs-p/main.png"
"RG-NBS3200-48GT4XS","DOWNLOADED","media/reyee/rg-nbs3200-48gt4xs/main.png"
"RG-NBS3200-48GT4XS-P","DOWNLOADED","media/reyee/rg-nbs3200-48gt4xs-p/main.png"
"RG-NBS3200-24GT4XS-P-V2","DOWNLOADED","media/reyee/rg-nbs3200-24gt4xs-p-v2/main.png"
"RG-NBS3200-48GT4XS-P-V2","DOWNLOADED","media/reyee/rg-nbs3200-48gt4xs-p-v2/main.png"
"RG-NBS3100-8GT2SFP","DOWNLOADED","media/reyee/rg-nbs3100-8gt2sfp/main.jpg"
"RG-NBS3100-8GT2SFP-P-V2","NOT_FOUND",""
"RG-NBS3100-24GT4SFP-V2","NOT_FOUND",""
"RG-NBS3100-24GT4SFP-P-V2","NOT_FOUND",""
"RG-NBS3100-48GT4SFP-P","DOWNLOADED","media/reyee/rg-nbs3100-48gt4sfp-p/main.png"
"RG-NBS3100-48GT4SFP-P-V2","DOWNLOADED","media/reyee/rg-nbs3100-48gt4sfp-p-v2/main.png"
"RG-NIS3100-8GT4SFP-HP","NOT_FOUND",""
"RG-NIS3100-8GT2SFP-HP","NOT_FOUND",""
"RG-NIS3100-4GT2SFP-HP","NOT_FOUND",""
"RG-NIS2100-8GT2SFP-HP","DOWNLOADED","media/reyee/rg-nis2100-8gt2sfp-hp/main.png"
"RG-NIS2100-4GT2SFP-HP","DOWNLOADED","media/reyee/rg-nis2100-4gt2sfp-hp/main.png"
"RG-ES205GC-P","NOT_FOUND",""
"RG-ES206GS-P","NOT_FOUND",""
"RG-ES209GC-P","NOT_FOUND",""
"RG-ES210GS-P","NOT_FOUND",""
"RG-ES220GS-LP","DOWNLOADED","media/reyee/rg-es220gs-lp/main.png"
"RG-ES220GS-P","NOT_FOUND",""
"RG-ES228GS-LP","DOWNLOADED","media/reyee/rg-es228gs-lp/main.png"
"RG-ES228GS-P","NOT_FOUND",""
"RG-ES206MG-P","DOWNLOADED","media/reyee/rg-es206mg-p/main.png"
"RG-ES209MG-P","DOWNLOADED","media/reyee/rg-es209mg-p/main.png"
"RG-ES205GC","DOWNLOADED","media/reyee/rg-es205gc/main.png"
"RG-ES208GC","NOT_FOUND",""
"RG-ES216GC-V2","DOWNLOADED","media/reyee/rg-es216gc-v2/main.png"
"RG-ES224GC-V2","DOWNLOADED","media/reyee/rg-es224gc-v2/main.png"
"RG-ES105D","NOT_FOUND",""
"RG-ES108D","NOT_FOUND",""
"RG-ES105GD","NOT_FOUND",""
"RG-ES108GD","NOT_FOUND",""
"RG-ES116G-L","DOWNLOADED","media/reyee/rg-es116g-l/main.png"
"RG-ES124G-L","DOWNLOADED","media/reyee/rg-es124g-l/main.png"
"RG-ES106F-P","DOWNLOADED","media/reyee/rg-es106f-p/main.jpg"
"RG-ES110F-P","DOWNLOADED","media/reyee/rg-es110f-p/main.jpg"
"RG-ES110FG-P","DOWNLOADED","media/reyee/rg-es110fg-p/main.jpg"
"RG-ES110GS-P-L","DOWNLOADED","media/reyee/rg-es110gs-p-l/main.jpg"
"RG-ES118FGS-LP","DOWNLOADED","media/reyee/rg-es118fgs-lp/main.png"
"RG-ES118GS-P-L","DOWNLOADED","media/reyee/rg-es118gs-p-l/main.png"
"RG-ES126FGS-LP","DOWNLOADED","media/reyee/rg-es126fgs-lp/main.png"
"RG-ES126FGS-P","DOWNLOADED","media/reyee/rg-es126fgs-p/main.png"
"RG-ES05F","DOWNLOADED","media/reyee/rg-es05f/main.png"
"RG-ES08F","DOWNLOADED","media/reyee/rg-es08f/main.jpg"
"RG-ES05G-L","DOWNLOADED","media/reyee/rg-es05g-l/main.jpg"
"RG-ES08G-L","DOWNLOADED","media/reyee/rg-es08g-l/main.jpg"
"RG-EG105G-V3","NOT_FOUND",""
"RG-EG105G-P-V3","NOT_FOUND",""
"RG-EG105GW(T)","DOWNLOADED","media/reyee/rg-eg105gwt/main.png"
"RG-EG105GW-X","NOT_FOUND",""
"RG-EG210G-E","DOWNLOADED","media/reyee/rg-eg210g-e/main.png"
"RG-EG210G-P-V3","NOT_FOUND",""
"RG-EG209GS","DOWNLOADED","media/reyee/rg-eg209gs/main.png"
"RG-EG305GH-P-E","DOWNLOADED","media/reyee/rg-eg305gh-p-e/main.png"
"RG-EG310GH-E","DOWNLOADED","media/reyee/rg-eg310gh-e/main.png"
"RG-EG310GH-P-E","DOWNLOADED","media/reyee/rg-eg310gh-p-e/main.png"
"RG-EG710XS","DOWNLOADED","media/reyee/rg-eg710xs/main.png"
"RG-EG1510XS","NOT_FOUND",""
