"model","status","old_count","new_count","official_page"
"RG-RAP1260","RESTORED","5","5","https://reyee.ruijie.com/vi-vn/products/reyee-wireless/reyee-wall-ap/rap1260/"
"RG-RAP62","RESTORED","5","5","https://reyee.ruijie.com/vi-vn/products/reyee-wireless/reyee-indoor-ap/rg-rap62/"
"RG-RAP2266","RESTORED","5","5","https://reyee.ruijie.com/vi-vn/products/reyee-wireless/reyee-indoor-ap/rap2266/"
"RG-RAP2260","RESTORED","5","5","https://reyee.ruijie.com/vi-vn/products/reyee-wireless/reyee-indoor-ap/rg-rap2260/"
"RG-RAP2260(E)","RESTORED","5","5","https://reyee.ruijie.com/vi-vn/products/reyee-wireless/reyee-indoor-ap/rg-rap2260e/"
"RG-RAP2260(H)","RESTORED","5","5","https://reyee.ruijie.com/vi-vn/products/reyee-wireless/reyee-indoor-ap/rg-rap2260h/"
"RG-RAP72","RESTORED","5","5","https://reyee.ruijie.com/vi-vn/products/reyee-wireless/reyee-indoor-ap/rg-rap72/"
"RG-RAP72Pro","RESTORED","5","5","https://reyee.ruijie.com/vi-vn/products/reyee-wireless/reyee-indoor-ap/rg-rap72pro/"
"RG-RAP73HD","RESTORED","5","5","https://reyee.ruijie.com/vi-vn/products/reyee-wireless/reyee-indoor-ap/rap73hd/"
"RG-RAP6260(G)","RESTORED","5","5","https://reyee.ruijie.com/vi-vn/products/reyee-wireless/reyee-outdoor-ap/rap6260g/"
"RG-RAP6260(H)","RESTORED","5","5","https://reyee.ruijie.com/vi-vn/products/reyee-wireless/reyee-outdoor-ap/rap6260h/"
"RG-RAP6260(H)-D","RESTORED","5","5","https://reyee.ruijie.com/vi-vn/products/reyee-wireless/reyee-outdoor-ap/rap6260h-d/"
"RG-NBS5200-24GT4XS-P-V2","RESTORED","5","5","https://reyee.ruijie.com/vi-vn/products/reyee-switch/l3-managed-switch/rg-nbs5200-24gt4xs-p-v2/"
"RG-NBS5200-48GT4XS-UP","RESTORED","5","5","https://reyee.ruijie.com/vi-vn/products/reyee-switch/l3-managed-switch/nbs5200-48gt4xs-up/"
"RG-NBS3200-24GT4XS","RESTORED","5","5","https://reyee.ruijie.com/vi-vn/products/reyee-switch/l2-managed-switch/rg-nbs3200-24gt4xs/"
"RG-NBS3200-24GT4XS-P-V2","RESTORED","5","5","https://reyee.ruijie.com/vi-vn/products/reyee-switch/l2-managed-switch/rg-nbs3200-24gt4xs-p-v2/"
"RG-NBS3200-48GT4XS-P-V2","RESTORED","5","5","https://reyee.ruijie.com/vi-vn/products/reyee-switch/l2-managed-switch/rg-nbs3200-48gt4xs-p-v2/"
"RG-NBS3100-24GT4SFP-P-V2","RESTORED","5","5","https://reyee.ruijie.com/vi-vn/products/reyee-switch/l2-managed-switch/rg-nbs3100-24gt4sfp-p-v2/"
"RG-NIS3100-8GT4SFP-HP","RESTORED","1","5","https://reyee.ruijie.com/vi-vn/products/reyee-switch/industrial-switch/nis31008gt4fphp/"
"RG-NIS3100-8GT2SFP-HP","RESTORED","1","5","https://reyee.ruijie.com/vi-vn/products/reyee-switch/industrial-switch/nis31008gt2sfphp/"
"RG-ES209GC-P","RESTORED","5","5","https://reyee.ruijie.com/vi-vn/products/reyee-switch/smart-cctv-switch/es209gc-p/"
"RG-ES220GS-P","RESTORED","1","5","https://reyee.ruijie.com/vi-vn/products/reyee-switch/smart-cctv-switch/es200gsp/"
"RG-ES228GS-P","RESTORED","1","5","https://reyee.ruijie.com/vi-vn/products/reyee-switch/smart-cctv-switch/es228gsp/"
"RG-ES206MG-P","RESTORED","1","5","https://reyee.ruijie.com/vi-vn/products/reyee-switch/smart-cctv-switch/rg-es206mg-p/"
"RG-ES209MG-P","RESTORED","1","5","https://reyee.ruijie.com/vi-vn/products/reyee-switch/smart-cctv-switch/rg-es209mg-p/"
"RG-EG210G-E","RESTORED","1","5","https://reyee.ruijie.com/vi-vn/products/reyee-router/eg-series/rg-eg210g-e/"
"RG-EG209GS","RESTORED","1","5","https://reyee.ruijie.com/vi-vn/products/reyee-router/eg-series/rg-eg209gs/"
"RG-EG305GH-P-E","RESTORED","1","5","https://reyee.ruijie.com/vi-vn/products/reyee-router/eg-series/rg-eg305gh-p-e/"
"RG-EG710XS","RESTORED","1","5","https://reyee.ruijie.com/vi-vn/products/reyee-router/eg-series/rg-eg710xs/"
"RG-EG1510XS","RESTORED","1","5","https://reyee.ruijie.com/vi-vn/products/reyee-router/eg-series/eg1510xs/"
