model,status,image,source
"RG-NBF6002M","DOWNLOADED_FALLBACK","media/reyee/rg-nbf6002m/main.png","https://reyee.ruijie.com/en-global/resources/preview/rg-nbf6002m/"
"RG-APF1250","STILL_NOT_FOUND","",""
"RG-RAP1201","STILL_NOT_FOUND","",""
"RG-RAP1260","STILL_NOT_FOUND","",""
"RG-RAP1261","STILL_NOT_FOUND","",""
"RG-RAP2266","STILL_NOT_FOUND","",""
"RG-RAP73HD","STILL_NOT_FOUND","",""
"RG-RAP52-OD","STILL_NOT_FOUND","",""
"RG-RAP6202(G","STILL_NOT_FOUND","",""
"RG-RAP6260(G","STILL_NOT_FOUND","",""
"RG-RAP6262","STILL_NOT_FOUND","",""
"RG-RAP6260(H","STILL_NOT_FOUND","",""
"RG-RAP6260(H","STILL_NOT_FOUND","",""
"RG-NBS7006","STILL_NOT_FOUND","",""
"RG-NBS7003","STILL_NOT_FOUND","",""
"RG-NBS6002","STILL_NOT_FOUND","",""
"RG-NBS5300-8MG2XS-UP","STILL_NOT_FOUND","",""
"RG-NBS5200-48GT4XS-UP","STILL_NOT_FOUND","",""
"RG-NBS3100-8GT2SFP-P-V2","STILL_NOT_FOUND","",""
"RG-NBS3100-24GT4SFP-V2","STILL_NOT_FOUND","",""
"RG-NBS3100-24GT4SFP-P-V2","STILL_NOT_FOUND","",""
"RG-NIS3100-8GT4SFP-HP","STILL_NOT_FOUND","",""
"RG-NIS3100-8GT2SFP-HP","STILL_NOT_FOUND","",""
"RG-NIS3100-4GT2SFP-HP","STILL_NOT_FOUND","",""
"RG-ES205GC-P","STILL_NOT_FOUND","",""
"RG-ES206GS-P","STILL_NOT_FOUND","",""
"RG-ES209GC-P","STILL_NOT_FOUND","",""
"RG-ES210GS-P","STILL_NOT_FOUND","",""
"RG-ES220GS-P","STILL_NOT_FOUND","",""
"RG-ES228GS-P","STILL_NOT_FOUND","",""
"RG-ES208GC","STILL_NOT_FOUND","",""
"RG-ES105D","STILL_NOT_FOUND","",""
"RG-ES108D","STILL_NOT_FOUND","",""
"RG-ES105GD","STILL_NOT_FOUND","",""
"RG-ES108GD","STILL_NOT_FOUND","",""
"RG-EG105G-V3","STILL_NOT_FOUND","",""
"RG-EG105G-P-V3","STILL_NOT_FOUND","",""
"RG-EG105GW-X","STILL_NOT_FOUND","",""
"RG-EG210G-P-V3","STILL_NOT_FOUND","",""
"RG-EG1510XS","STILL_NOT_FOUND","",""
