model,status,spec_count,image_count,official_source
"RG-NBF6002M","UPDATED","0","2","https://reyee.ruijie.com/en-global/resources/preview/rg-nbf6002m/"
"RG-NBF5200M-8FS16GT4XS","UPDATED","0","2","https://reyee.ruijie.com/en-global/resources/preview/rg-nbf5200m-8fs16gt4xs/"
"RG-NBF2100S-8GT1SC","UPDATED","0","2","https://reyee.ruijie.com/en-global/resources/preview/rg-nbf2100s-8gt1sc/"
"RG-NBF2100S-8GT1SC-P","UPDATED","0","2","https://reyee.ruijie.com/en-global/resources/preview/rg-nbf2100s-8gt1sc-p/"
"RG-NBF2100S-16GT1SC-P","UPDATED","0","2","https://reyee.ruijie.com/en-global/resources/preview/rg-nbf2100s-16gt1sc-p/"
"RG-APF1250","UPDATED","0","1","https://reyee.ruijie.com/en-global/resources/preview/rg-apf1250/"
"RG-RAP1200(P)","UPDATED","0","2","https://reyee.ruijie.com/en-global/resources/preview/rg-rap1200p/"
"RG-RAP1200(F)","UPDATED","0","2","https://reyee.ruijie.com/en-global/resources/preview/rg-rap1200f/"
"RG-RAP1201","UPDATED","0","1","https://reyee.ruijie.com/en-global/resources/preview/rg-rap1201/"
"RG-RAP1260","UPDATED","10","5","https://reyee.ruijie.com/en-global/products/reyee-wireless/reyee-wall-ap/rap1260/"
"RG-RAP1261","UPDATED","10","5","https://reyee.ruijie.com/en-global/products/reyee-wireless/reyee-wall-ap/rap1261/"
"RG-RAP2200(E)","UPDATED","0","2","https://reyee.ruijie.com/en-global/resources/preview/rg-rap2200e/"
"RG-RAP2200(F)","UPDATED","0","2","https://reyee.ruijie.com/en-global/resources/preview/rg-rap2200f/"
"RG-RAP2260(G)","UPDATED","0","2","https://reyee.ruijie.com/en-global/resources/preview/rg-rap2260g/"
"RG-RAP62","UPDATED","0","2","https://reyee.ruijie.com/en-global/resources/preview/rg-rap62/"
"RG-RAP2266","UPDATED","10","5","https://reyee.ruijie.com/en-global/products/reyee-wireless/reyee-indoor-ap/rap2266/"
"RG-RAP2260","UPDATED","0","2","https://reyee.ruijie.com/en-global/resources/preview/rg-rap2260/"
"RG-RAP2260(E)","UPDATED","0","2","https://reyee.ruijie.com/en-global/resources/preview/rg-rap2260e/"
"RG-RAP2260(H)","UPDATED","0","2","https://reyee.ruijie.com/en-global/resources/preview/rg-rap2260h/"
"RG-RAP72","UPDATED","0","2","https://reyee.ruijie.com/en-global/resources/preview/rg-rap72/"
"RG-RAP72Pro","UPDATED","0","2","https://reyee.ruijie.com/en-global/resources/preview/rg-rap72pro/"
"RG-RAP73HD","UPDATED","10","5","https://reyee.ruijie.com/en-global/products/reyee-wireless/reyee-indoor-ap/rap73hd/"
"RG-RAP52-OD","NO_OFFICIAL_PAGE","0","0",""
"RG-RAP6202(G)","UPDATED","10","5","https://reyee.ruijie.com/en-global/products/reyee-wireless/reyee-outdoor-ap/rap6202g/"
"RG-RAP6262(G)","NO_OFFICIAL_PAGE","0","0",""
"RG-RAP6260(G)","UPDATED","10","5","https://reyee.ruijie.com/en-global/products/reyee-wireless/reyee-outdoor-ap/rap6260g/"
"RG-RAP6262","UPDATED","0","1","https://reyee.ruijie.com/en-global/resources/preview/rg-rap6262/"
"RG-RAP62-OD","UPDATED","0","2","https://reyee.ruijie.com/en-global/resources/preview/rg-rap62-od/"
"RG-RAP6260(H)","UPDATED","10","5","https://reyee.ruijie.com/en-global/products/reyee-wireless/reyee-outdoor-ap/rap6260h/"
"RG-RAP6260(H)-D","UPDATED","10","5","https://reyee.ruijie.com/en-global/products/reyee-wireless/reyee-outdoor-ap/rap6260h-d/"
"RG-RAP72Pro-OD","NO_OFFICIAL_PAGE","0","0",""
"RG-NBS7006","UPDATED","0","1","https://reyee.ruijie.com/en-global/resources/preview/rg-nbs7006/"
"RG-NBS7003","UPDATED","9","5","https://reyee.ruijie.com/en-global/products/reyee-switch/l3-managed-switch/nbs7003/"
"RG-NBS6002","UPDATED","9","5","https://reyee.ruijie.com/en-global/products/reyee-switch/l3-managed-switch/nbs6002/"
"RG-NBS5300-8MG2XS-UP","NO_OFFICIAL_PAGE","0","0",""
"RG-NBS5100-24GT4SFP","UPDATED","0","2","https://reyee.ruijie.com/en-global/resources/preview/rg-nbs5100-24gt4sfp/"
"RG-NBS5100-24GT4SFP-P","NO_OFFICIAL_PAGE","0","0",""
"RG-NBS5100-48GT4SFP","UPDATED","0","2","https://reyee.ruijie.com/en-global/resources/preview/rg-nbs5100-48gt4sfp/"
"RG-NBS5200-24SFP","NO_OFFICIAL_PAGE","0","0",""
"RG-NBS5200-24GT4XS-P-V2","UPDATED","0","2","https://reyee.ruijie.com/en-global/resources/preview/rg-nbs5200-24gt4xs-p-v2/"
"RG-NBS5200-24GT4XS","UPDATED","0","2","https://reyee.ruijie.com/en-global/resources/preview/rg-nbs5200-24gt4xs/"
"RG-NBS5200-48GT4XS-UP","UPDATED","0","1","https://reyee.ruijie.com/en-global/resources/preview/rg-nbs5200-48gt4xs-up/"
"RG-NBS5200-48GT4XS","UPDATED","0","2","https://reyee.ruijie.com/en-global/resources/preview/rg-nbs5200-48gt4xs/"
"RG-NBS3200-24GT4XS","UPDATED","0","2","https://reyee.ruijie.com/en-global/resources/preview/rg-nbs3200-24gt4xs/"
"RG-NBS3200-24SFP","NO_OFFICIAL_PAGE","0","0",""
"RG-NBS3200-24GT4XS-P","UPDATED","0","2","https://reyee.ruijie.com/en-global/resources/preview/rg-nbs3200-24gt4xs-p/"
"RG-NBS3200-48GT4XS","UPDATED","0","2","https://reyee.ruijie.com/en-global/resources/preview/rg-nbs3200-48gt4xs/"
"RG-NBS3200-48GT4XS-P","UPDATED","0","2","https://reyee.ruijie.com/en-global/resources/preview/rg-nbs3200-48gt4xs-p/"
"RG-NBS3200-24GT4XS-P-V2","UPDATED","0","2","https://reyee.ruijie.com/en-global/resources/preview/rg-nbs3200-24gt4xs-p-v2/"
"RG-NBS3200-48GT4XS-P-V2","UPDATED","0","2","https://reyee.ruijie.com/en-global/resources/preview/rg-nbs3200-48gt4xs-p-v2/"
"RG-NBS3100-8GT2SFP","UPDATED","0","2","https://reyee.ruijie.com/en-global/resources/preview/rg-nbs3100-8gt2sfp/"
"RG-NBS3100-8GT2SFP-P-V2","UPDATED","0","1","https://reyee.ruijie.com/en-global/resources/preview/rg-nbs3100-8gt2sfp-p-v2/"
"RG-NBS3100-24GT4SFP-V2","UPDATED","0","1","https://reyee.ruijie.com/en-global/resources/preview/rg-nbs3100-24gt4sfp-v2/"
"RG-NBS3100-24GT4SFP-P-V2","UPDATED","0","1","https://reyee.ruijie.com/en-global/resources/preview/rg-nbs3100-24gt4sfp-p-v2/"
"RG-NBS3100-48GT4SFP-P","UPDATED","0","2","https://reyee.ruijie.com/en-global/resources/preview/rg-nbs3100-48gt4sfp-p/"
"RG-NBS3100-48GT4SFP-P-V2","NO_OFFICIAL_PAGE","0","0",""
"RG-NIS3100-8GT4SFP-HP","UPDATED","0","1","https://reyee.ruijie.com/en-global/resources/preview/rg-nis3100-8gt4sfp-hp/"
"RG-NIS3100-8GT2SFP-HP","UPDATED","0","1","https://reyee.ruijie.com/en-global/resources/preview/rg-nis3100-8gt2sfp-hp/"
"RG-NIS3100-4GT2SFP-HP","UPDATED","0","1","https://reyee.ruijie.com/en-global/resources/preview/rg-nis3100-4gt2sfp-hp/"
"RG-NIS2100-8GT2SFP-HP","UPDATED","0","2","https://reyee.ruijie.com/en-global/resources/preview/rg-nis2100-8gt2sfp-hp/"
"RG-NIS2100-4GT2SFP-HP","UPDATED","0","2","https://reyee.ruijie.com/en-global/resources/preview/rg-nis2100-4gt2sfp-hp/"
"RG-ES205GC-P","UPDATED","6","5","https://reyee.ruijie.com/en-global/products/reyee-switch/smart-cctv-switch/es205gc-p/"
"RG-ES206GS-P","NO_OFFICIAL_PAGE","0","0",""
"RG-ES209GC-P","UPDATED","6","5","https://reyee.ruijie.com/en-global/products/reyee-switch/smart-cctv-switch/es209gc-p/"
"RG-ES210GS-P","NO_OFFICIAL_PAGE","0","0",""
"RG-ES220GS-LP","UPDATED","0","2","https://reyee.ruijie.com/en-global/resources/preview/rg-es220gs-lp/"
"RG-ES220GS-P","UPDATED","0","1","https://reyee.ruijie.com/en-global/resources/preview/rg-es220gs-p/"
"RG-ES228GS-LP","UPDATED","0","2","https://reyee.ruijie.com/en-global/resources/preview/rg-es228gs-lp/"
"RG-ES228GS-P","UPDATED","0","1","https://reyee.ruijie.com/en-global/resources/preview/rg-es228gs-p/"
"RG-ES206MG-P","UPDATED","0","2","https://reyee.ruijie.com/en-global/resources/preview/rg-es206mg-p/"
"RG-ES209MG-P","UPDATED","0","2","https://reyee.ruijie.com/en-global/resources/preview/rg-es209mg-p/"
"RG-ES205GC","NO_OFFICIAL_PAGE","0","0",""
"RG-ES208GC","UPDATED","4","5","https://reyee.ruijie.com/en-global/products/reyee-switch/smart-cctv-switch/es208gc/"
"RG-ES216GC-V2","NO_OFFICIAL_PAGE","0","0",""
"RG-ES224GC-V2","NO_OFFICIAL_PAGE","0","0",""
"RG-ES105D","NO_OFFICIAL_PAGE","0","0",""
"RG-ES108D","NO_OFFICIAL_PAGE","0","0",""
"RG-ES105GD","UPDATED","0","1","https://reyee.ruijie.com/en-global/resources/preview/rg-es105gd/"
"RG-ES108GD","UPDATED","0","1","https://reyee.ruijie.com/en-global/resources/preview/rg-es108gd/"
"RG-ES116G-L","UPDATED","0","2","https://reyee.ruijie.com/en-global/resources/preview/rg-es116g-l/"
"RG-ES124G-L","UPDATED","0","2","https://reyee.ruijie.com/en-global/resources/preview/rg-es124g-l/"
"RG-ES106F-P","UPDATED","0","2","https://reyee.ruijie.com/en-global/resources/preview/rg-es106f-p/"
"RG-ES110F-P","UPDATED","0","2","https://reyee.ruijie.com/en-global/resources/preview/rg-es110f-p/"
"RG-ES110FG-P","UPDATED","0","2","https://reyee.ruijie.com/en-global/resources/preview/rg-es110fg-p/"
"RG-ES110GS-P-L","UPDATED","0","2","https://reyee.ruijie.com/en-global/resources/preview/rg-es110gs-p-l/"
"RG-ES118FGS-LP","UPDATED","0","2","https://reyee.ruijie.com/en-global/resources/preview/rg-es118fgs-lp/"
"RG-ES118GS-P-L","UPDATED","0","2","https://reyee.ruijie.com/en-global/resources/preview/rg-es118gs-p-l/"
"RG-ES126FGS-LP","UPDATED","0","2","https://reyee.ruijie.com/en-global/resources/preview/rg-es126fgs-lp/"
"RG-ES126FGS-P","UPDATED","0","2","https://reyee.ruijie.com/en-global/resources/preview/rg-es126fgs-p/"
"RG-ES05F","NO_OFFICIAL_PAGE","0","0",""
"RG-ES08F","UPDATED","0","2","https://reyee.ruijie.com/en-global/resources/preview/rg-es08f/"
"RG-ES05G-L","UPDATED","0","2","https://reyee.ruijie.com/en-global/resources/preview/rg-es05g-l/"
"RG-ES08G-L","UPDATED","0","2","https://reyee.ruijie.com/en-global/resources/preview/rg-es08g-l/"
"RG-EG105G-V3","NO_OFFICIAL_PAGE","0","0",""
"RG-EG105G-P-V3","UPDATED","0","1","https://reyee.ruijie.com/en-global/resources/preview/rg-eg105g-p-v3/"
"RG-EG105GW(T)","NO_OFFICIAL_PAGE","0","0",""
"RG-EG105GW-X","UPDATED","0","1","https://reyee.ruijie.com/en-global/resources/preview/rg-eg105gw-x/"
"RG-EG210G-E","NO_OFFICIAL_PAGE","0","0",""
"RG-EG210G-P-V3","UPDATED","0","1","https://reyee.ruijie.com/en-global/resources/preview/rg-eg210g-p-v3/"
"RG-EG209GS","NO_OFFICIAL_PAGE","0","0",""
"RG-EG305GH-P-E","UPDATED","0","2","https://reyee.ruijie.com/en-global/resources/preview/rg-eg305gh-p-e/"
"RG-EG310GH-E","UPDATED","0","2","https://reyee.ruijie.com/en-global/resources/preview/rg-eg310gh-e/"
"RG-EG310GH-P-E","UPDATED","0","2","https://reyee.ruijie.com/en-global/resources/preview/rg-eg310gh-p-e/"
"RG-EG710XS","UPDATED","0","2","https://reyee.ruijie.com/en-global/resources/preview/rg-eg710xs/"
"RG-EG1510XS","UPDATED","8","5","https://reyee.ruijie.com/en-global/products/reyee-router/eg-series/eg1510xs/"
