model,status,old_count,new_count,official_page
"RG-RAP1260","NO_NEW_GALLERY","5","5","https://reyee.ruijie.com/en-global/resources/preview/rg-rap1260/"
"RG-RAP62","NO_NEW_GALLERY","5","5","https://reyee.ruijie.com/en-global/resources/preview/rg-rap62/"
"RG-RAP2266","NO_NEW_GALLERY","5","5","https://reyee.ruijie.com/en-global/resources/preview/rg-rap2266/"
"RG-RAP2260","NO_NEW_GALLERY","5","5","https://reyee.ruijie.com/en-global/resources/preview/rg-rap2260/"
"RG-RAP2260(E)","NO_NEW_GALLERY","5","5","https://reyee.ruijie.com/en-global/resources/preview/rg-rap2260e/"
"RG-RAP2260(H)","NO_NEW_GALLERY","5","5","https://reyee.ruijie.com/en-global/resources/preview/rg-rap2260h/"
"RG-RAP72","NO_NEW_GALLERY","5","5","https://reyee.ruijie.com/en-global/resources/preview/rg-rap72/"
"RG-RAP72Pro","NO_NEW_GALLERY","5","5","https://reyee.ruijie.com/en-global/resources/preview/rg-rap72pro/"
"RG-RAP73HD","NO_NEW_GALLERY","5","5","https://reyee.ruijie.com/en-global/resources/preview/rg-rap73hd/"
"RG-RAP6260(G)","NO_NEW_GALLERY","5","5","https://reyee.ruijie.com/en-global/resources/preview/rg-rap6260g/"
"RG-RAP6260(H)","NO_NEW_GALLERY","5","5","https://reyee.ruijie.com/en-global/resources/preview/rg-rap6260h/"
"RG-RAP6260(H)-D","NO_NEW_GALLERY","5","5","https://reyee.ruijie.com/en-global/resources/preview/rg-rap6260h-d/"
"RG-NBS5200-24GT4XS-P-V2","NO_NEW_GALLERY","5","5","https://reyee.ruijie.com/en-global/resources/preview/rg-nbs5200-24gt4xs-p-v2/"
"RG-NBS5200-48GT4XS-UP","NO_NEW_GALLERY","5","5","https://reyee.ruijie.com/en-global/resources/preview/rg-nbs5200-48gt4xs-up/"
"RG-NBS3200-24GT4XS","NO_NEW_GALLERY","5","5","https://reyee.ruijie.com/en-global/resources/preview/rg-nbs3200-24gt4xs/"
"RG-NBS3200-24GT4XS-P-V2","NO_NEW_GALLERY","5","5","https://reyee.ruijie.com/en-global/resources/preview/rg-nbs3200-24gt4xs-p-v2/"
"RG-NBS3200-48GT4XS-P-V2","NO_NEW_GALLERY","5","5","https://reyee.ruijie.com/en-global/resources/preview/rg-nbs3200-48gt4xs-p-v2/"
"RG-NBS3100-24GT4SFP-P-V2","NO_NEW_GALLERY","5","5","https://reyee.ruijie.com/en-global/resources/preview/rg-nbs3100-24gt4sfp-p-v2/"
"RG-NIS3100-8GT4SFP-HP","NO_NEW_GALLERY","1","1","https://reyee.ruijie.com/en-global/resources/preview/rg-nis3100-8gt4sfp-hp/"
"RG-NIS3100-8GT2SFP-HP","NO_NEW_GALLERY","1","1","https://reyee.ruijie.com/en-global/resources/preview/rg-nis3100-8gt2sfp-hp/"
"RG-ES209GC-P","NO_NEW_GALLERY","5","5","https://reyee.ruijie.com/en-global/resources/preview/rg-es209gc-p/"
"RG-ES220GS-P","NO_NEW_GALLERY","1","1","https://reyee.ruijie.com/en-global/resources/preview/rg-es220gs-p/"
"RG-ES228GS-P","NO_NEW_GALLERY","1","1","https://reyee.ruijie.com/en-global/resources/preview/rg-es228gs-p/"
"RG-ES206MG-P","NO_NEW_GALLERY","1","1","https://reyee.ruijie.com/en-global/resources/preview/rg-es206mg-p/"
"RG-ES209MG-P","NO_NEW_GALLERY","1","1","https://reyee.ruijie.com/en-global/resources/preview/rg-es209mg-p/"
"RG-EG210G-E","NO_NEW_GALLERY","1","1","https://reyee.ruijie.com/en-global/resources/preview/rg-eg210g-e/"
"RG-EG209GS","NO_NEW_GALLERY","1","1","https://reyee.ruijie.com/en-global/resources/preview/rg-eg209gs/"
"RG-EG305GH-P-E","NO_NEW_GALLERY","1","1","https://reyee.ruijie.com/en-global/resources/preview/rg-eg305gh-p-e/"
"RG-EG710XS","NO_NEW_GALLERY","1","1","https://reyee.ruijie.com/en-global/resources/preview/rg-eg710xs/"
"RG-EG1510XS","NO_NEW_GALLERY","1","1","https://reyee.ruijie.com/en-global/resources/preview/rg-eg1510xs/"
