group,brand,name,status,spec_count,image_count,official_url
"camera","Hikvision","","NO_VALID_PRODUCT_FOUND","0","0",""
"camera","Dahua","","NO_VALID_PRODUCT_FOUND","0","0",""
"camera","Imou","","NO_VALID_PRODUCT_FOUND","0","0",""
"camera","EZVIZ","EZVIZ Indoor Security Cameras","DROPPED_NO_IMAGE","0","0","https://www.ezviz.com/uk/category/Indoor-Wi-Fi-Cameras"
"camera","EZVIZ","EZVIZ Outdoor Security Cameras","DROPPED_NO_IMAGE","0","0","https://www.ezviz.com/uk/category/Outdoor-Wi-Fi-Cameras"
"camera","EZVIZ","EZVIZ’s C8PF dual-lens smart camera named “Home Security Innovation of the Year"" in 2022 IoT Breakthrough Awards Program","DROPPED_NO_IMAGE","0","0","https://www.ezviz.com/uk/newsroom/ezviz%E2%80%99s-c8pf-dual-lens-smart-camera-named-%E2%80%9Chome-security-innovation-of-the-year%22-in-2022-iot-breakthrough-awards-program/625"
"camera","EZVIZ","EZVIZ Kabellose Kameras","DROPPED_NO_IMAGE","0","0","https://www.ezviz.com/de/category/Wire-Free-Cameras"
"camera","EZVIZ","EZVIZ Indoor Kameras","DROPPED_NO_IMAGE","0","0","https://www.ezviz.com/de/category/Indoor-Wi-Fi-Cameras"
"camera","EZVIZ","EZVIZ Outdoor Kameras","DROPPED_NO_IMAGE","0","0","https://www.ezviz.com/de/category/Outdoor-Wi-Fi-Cameras"
"camera","EZVIZ","EZVIZ Caméras sur batterie","DROPPED_NO_IMAGE","0","0","https://www.ezviz.com/fr/category/Wire-Free-Cameras"
"camera","EZVIZ","EZVIZ Security Camera&Smart Home: Indoor, Outdoor, 2K, WiFi Cameras, Video Doorbells, Door Viewer, Appliances","DROPPED_NO_IMAGE","0","0","https://www.ezviz.com/fr/category/security-wifi-cameras"
"camera","EZVIZ","Telecamere da interno | EZVIZ","DROPPED_NO_IMAGE","0","0","https://www.ezviz.com/it/category/security-wifi-cameras"
"camera","EZVIZ","Camaras inalambricas | EZVIZ","DROPPED_NO_IMAGE","0","0","https://www.ezviz.com/es/category/Wire-Free-Cameras"
"camera","EZVIZ","Cámaras de Exterior | EZVIZ","DROPPED_NO_IMAGE","0","0","https://www.ezviz.com/es/category/Outdoor-Wi-Fi-Cameras"
"camera","EZVIZ","Cámaras de Interior | EZVIZ","DROPPED_NO_IMAGE","0","0","https://www.ezviz.com/es/category/Indoor-Wi-Fi-Cameras"
"camera","EZVIZ","Kamery Bezprzewodowe | EZVIZ","DROPPED_NO_IMAGE","0","0","https://www.ezviz.com/pl/category/Wire-Free-Cameras"
"camera","EZVIZ","EZVIZ Security Camera&Smart Home: Indoor, Outdoor, 2K, WiFi Cameras, Video Doorbells, Door Viewer, Appliances","DROPPED_NO_IMAGE","0","0","https://www.ezviz.com/pl/category/security-wifi-cameras"
"camera","EZVIZ","EZVIZ กล้องวงจรปิด","DROPPED_NO_IMAGE","0","0","https://www.ezviz.com/th/category/security-wifi-cameras"
"camera","EZVIZ","EZVIZ Security Camera: Indoor, Outdoor, 2K, WiFi Cameras","DROPPED_NO_IMAGE","0","0","https://www.ezviz.com/id/category/security-wifi-cameras"
"camera","EZVIZ","EZVIZ Security Camera: Indoor, Outdoor, 2K, WiFi Cameras","DROPPED_NO_IMAGE","0","0","https://www.ezviz.com/id/category/security-wifi-cameras"
"camera","EZVIZ","EZVIZ Launches the C6C, a Wi-Fi Pan-Tilt Camera with 360-Degree FOV and Motion Tracking","DROPPED_NO_IMAGE","0","0","https://www.ezviz.com/id/newsroom/ezviz-launches-the-c6c-a-wi-fi-pan-tilt-camera-with-360-degree-fov-and-motion-tracking/50"
"camera","EZVIZ","EZVIZ Launches C2C, a Simple but Extremely Powerful Wi-Fi Indoor Camera","DROPPED_NO_IMAGE","0","0","https://www.ezviz.com/id/newsroom/ezviz-launches-c2c-a-simple-but-extremely-powerful-wi-fi-indoor-camera/49"
"camera","EZVIZ","كاميرات Wi-Fi داخلية | EZVIZ","DROPPED_NO_IMAGE","0","0","https://www.ezviz.com/ar/category/Indoor-Wi-Fi-Cameras"
"camera","EZVIZ","كاميرات Wi-Fi خارجية | EZVIZ","DROPPED_NO_IMAGE","0","0","https://www.ezviz.com/ar/category/Outdoor-Wi-Fi-Cameras"
"camera","EZVIZ","EZVIZ Indoor Security Cameras","DROPPED_NO_IMAGE","0","0","https://www.ezviz.com/us/category/Indoor-Wi-Fi-Cameras"
"camera","EZVIZ","EZVIZ Outdoor Security Cameras","DROPPED_NO_IMAGE","0","0","https://www.ezviz.com/us/category/Outdoor-Wi-Fi-Cameras"
"camera","EZVIZ","EZVIZ’s C8PF dual-lens smart camera named “Home Security Innovation of the Year"" in 2022 IoT Breakthrough Awards Program","DROPPED_NO_IMAGE","0","0","https://www.ezviz.com/us/newsroom/ezviz%E2%80%99s-c8pf-dual-lens-smart-camera-named-%E2%80%9Chome-security-innovation-of-the-year%22-in-2022-iot-breakthrough-awards-program/627"
"camera","EZVIZ","EZVIZ Camera An ninh","DROPPED_NO_IMAGE","0","0","https://www.ezviz.com/vn/category/security-wifi-cameras"
"camera","EZVIZ","EZVIZ Camera An ninh","DROPPED_NO_IMAGE","0","0","https://www.ezviz.com/vn/category/security-wifi-cameras"
"camera","EZVIZ","Camera ống kính kép C8PF của EZVIZ thắng lớn tại Giải thưởng IoT đột phá 2022","DROPPED_NO_IMAGE","0","0","https://www.ezviz.com/vn/newsroom/camera-%E1%BB%91ng-k%C3%ADnh-k%C3%A9p-c8pf-c%E1%BB%A7a-ezviz-th%E1%BA%AFng-l%E1%BB%9Bn-t%E1%BA%A1i-gi%E1%BA%A3i-th%C6%B0%E1%BB%9Fng-iot-%C4%91%E1%BB%99t-ph%C3%A1-2022/653"
"camera","EZVIZ","EZVIZ Security Camera: Indoor, Outdoor, 2K, WiFi Cameras","DROPPED_NO_IMAGE","0","0","https://www.ezviz.com/in/category/security-wifi-cameras"
"camera","EZVIZ","EZVIZ C3X Dual-lens AI Camera Wins 2021 BIG Innovation Award","DROPPED_NO_IMAGE","0","0","https://www.ezviz.com/in/newsroom/ezviz-c3x-dual-lens-ai-camera-wins-2021-big-innovation-award/280"
"camera","EZVIZ","EZVIZ Showcases its First Color Night Vision Security Camera at IFA 2019 to Bring 24*7 Color Images","DROPPED_NO_IMAGE","0","0","https://www.ezviz.com/in/newsroom/ezviz-showcases-its-first-color-night-vision-security-camera-at-ifa-2019--to-bring-24*7-color-images/106"
"camera","EZVIZ","EZVIZ Indoor Security Cameras","DROPPED_NO_IMAGE","0","0","https://www.ezviz.com/au/category/Indoor-Wi-Fi-Cameras"
"camera","EZVIZ","EZVIZ Outdoor Security Cameras","DROPPED_NO_IMAGE","0","0","https://www.ezviz.com/au/category/Outdoor-Wi-Fi-Cameras"
"camera","EZVIZ","EZVIZ Wire-Free Security Cameras","DROPPED_NO_IMAGE","0","0","https://www.ezviz.com/au/category/Wire-Free-Cameras"
"camera","EZVIZ","EZVIZ’s C8PF dual-lens smart camera named “Home Security Innovation of the Year"" in 2022 IoT Breakthrough Awards Program","DROPPED_NO_IMAGE","0","0","https://www.ezviz.com/au/newsroom/ezviz%E2%80%99s-c8pf-dual-lens-smart-camera-named-%E2%80%9Chome-security-innovation-of-the-year%22-in-2022-iot-breakthrough-awards-program/629"
"camera","EZVIZ","EZVIZ’s C6W smart camera wins 2021 IoT Innovator Award in Home Automation","DROPPED_NO_IMAGE","0","0","https://www.ezviz.com/au/newsroom/ezviz%E2%80%99s-c6w-smart-camera-wins-2021-iot-innovator-award-in-home-automation/585"
"camera","EZVIZ","EZVIZ Wire-Free Security Cameras","DROPPED_NO_IMAGE","0","0","https://www.ezviz.com/my/category/Wire-Free-Cameras"
"camera","EZVIZ","EZVIZ Indoor Security Cameras","DROPPED_NO_IMAGE","0","0","https://www.ezviz.com/my/category/Indoor-Wi-Fi-Cameras"
"camera","EZVIZ","EZVIZ Outdoor Security Cameras","DROPPED_NO_IMAGE","0","0","https://www.ezviz.com/my/category/Outdoor-Wi-Fi-Cameras"
"camera","EZVIZ","EZVIZ C3X Dual-lens AI Camera Wins 2021 BIG Innovation Award","DROPPED_NO_IMAGE","0","0","https://www.ezviz.com/my/newsroom/ezviz-c3x-dual-lens-ai-camera-wins-2021-big-innovation-award/283"
"camera","EZVIZ","屋内カメラ | EZVIZ","DROPPED_NO_IMAGE","0","0","https://www.ezviz.com/jp/category/indoor-wi-fi-cameras"
"camera","EZVIZ","屋外カメラ | EZVIZ","DROPPED_NO_IMAGE","0","0","https://www.ezviz.com/jp/category/outdoor-wi-fi-cameras"
"camera","EZVIZ","無線カメラ | EZVIZ","DROPPED_NO_IMAGE","0","0","https://www.ezviz.com/jp/category/wire-free-cameras"
"camera","EZVIZ","EZVIZ Security Camera: Indoor, Outdoor, 2K, WiFi Cameras","DROPPED_NO_IMAGE","0","0","https://www.ezviz.com/af/category/security-wifi-cameras"
"camera","EZVIZ","EZVIZ unveils the C8C, its first-ever outdoor pan & tilt Wi-Fi camera, taking a step forward in all-around home protection","DROPPED_NO_IMAGE","0","0","https://www.ezviz.com/af/newsroom/ezviz-unveils-the-c8c-its-first-ever-outdoor-pan-tilt-wi-fi-camera-taking-a-step-forward-in-all-around-home-protection/306"
"camera","EZVIZ","EZVIZ C3X Dual-lens AI Camera Wins 2021 BIG Innovation Award","DROPPED_NO_IMAGE","0","0","https://www.ezviz.com/af/newsroom/ezviz-c3x-dual-lens-ai-camera-wins-2021-big-innovation-award/307"
"camera","EZVIZ","EZVIZ Wire-Free Security Cameras","DROPPED_NO_IMAGE","0","0","https://www.ezviz.com/eu/category/wire-free-cameras"
"camera","EZVIZ","EZVIZ Security Camera: Indoor, Outdoor, 2K, WiFi Cameras","DROPPED_NO_IMAGE","0","0","https://www.ezviz.com/eu/category/security-wifi-cameras"
"camera","EZVIZ","EZVIZ’s C6W smart camera wins 2021 IoT Innovator Award in Home Automation","DROPPED_NO_IMAGE","0","0","https://www.ezviz.com/eu/newsroom/ezviz%E2%80%99s-c6w-smart-camera-wins-2021-iot-innovator-award-in-home-automation/579"
"camera","EZVIZ","EZVIZ rolls out its all-new BC1 battery-powered camera kits for enhanced home protection that requires minimal effort","DROPPED_NO_IMAGE","0","0","https://www.ezviz.com/eu/newsroom/ezviz-rolls-out-its-all-new-bc1-battery-powered-camera-kits-for-enhanced-home-protection-that-requires-minimal-effort/522"
"camera","EZVIZ","EZVIZ Security Camera: Indoor, Outdoor, 2K, WiFi Cameras","DROPPED_NO_IMAGE","0","0","https://www.ezviz.com/eu/category/security-wifi-cameras"
"camera","EZVIZ","EZVIZ Wire-Free Security Cameras","DROPPED_NO_IMAGE","0","0","https://www.ezviz.com/eu/category/Wire-Free-Cameras"
"camera","EZVIZ","EZVIZ Security Camera&Smart Home: Indoor, Outdoor, 2K, WiFi Cameras, Video Doorbells, Door Viewer, Appliances","DROPPED_NO_IMAGE","0","0","https://www.ezviz.com/la/category/security-wifi-cameras"
"camera","EZVIZ","EZVIZ WiFi Security Cameras | Best Price Indoor & Outdoor 4K","DROPPED_NO_IMAGE","0","0","https://www.ezviz.com/category/security-wifi-cameras"
"camera","EZVIZ","EZVIZ WiFi Security Cameras | Best Price Indoor & Outdoor 4K","DROPPED_NO_IMAGE","0","0","https://www.ezviz.com/inter/category/security-wifi-cameras"
"camera","EZVIZ","EZVIZ launches new AI camera, the C6, boosting the smart home experience for families with pets and kids","DROPPED_NO_IMAGE","0","0","https://www.ezviz.com/inter/newsroom/ezviz-launches-new-ai-camera-the-c6-boosting-the-smart-home-experience-for-families-with-pets-and-kids/665"
"camera","EZVIZ","EZVIZ’s C8PF dual-lens smart camera named “Home Security Innovation of the Year"" in 2022 IoT Breakthrough Awards Program","DROPPED_NO_IMAGE","0","0","https://www.ezviz.com/inter/newsroom/ezviz%E2%80%99s-c8pf-dual-lens-smart-camera-named-%E2%80%9Chome-security-innovation-of-the-year%22-in-2022-iot-breakthrough-awards-program/623"
"camera","EZVIZ","EZVIZ Indoor Security Cameras","DROPPED_NO_IMAGE","0","0","https://www.ezviz.com/uk/category/Indoor-Wi-Fi-Cameras"
"camera","EZVIZ","EZVIZ Outdoor Security Cameras","DROPPED_NO_IMAGE","0","0","https://www.ezviz.com/uk/category/Outdoor-Wi-Fi-Cameras"
"camera","EZVIZ","EZVIZ Indoor Security Cameras","DROPPED_NO_IMAGE","0","0","https://www.ezviz.com/inter/category/Indoor-Wi-Fi-Cameras"
"camera","EZVIZ","EZVIZ Telecamere per interno","DROPPED_NO_IMAGE","0","0","https://www.ezviz.com/it/category/Indoor-Wi-Fi-Cameras"
"camera","EZVIZ","Kamera Wi-Fi | EZVIZ","DROPPED_NO_IMAGE","0","0","https://www.ezviz.com/pl/category/Indoor-Wi-Fi-Cameras"
"camera","EZVIZ","Cámaras de seguridad para interiores EZVIZ","DROPPED_NO_IMAGE","0","0","https://www.ezviz.com/la/category/Indoor-Wi-Fi-Cameras"
"camera","EZVIZ","EZVIZ Indoor Security Cameras","DROPPED_NO_IMAGE","0","0","https://www.ezviz.com/id/category/Indoor-Wi-Fi-Cameras"
"camera","EZVIZ","Camera Wi-Fi Trong nhà | EZVIZ","DROPPED_NO_IMAGE","0","0","https://www.ezviz.com/vn/category/Indoor-Wi-Fi-Cameras"
"camera","EZVIZ","EZVIZ Indoor Security Cameras","DROPPED_NO_IMAGE","0","0","https://www.ezviz.com/in/category/Indoor-Wi-Fi-Cameras"
"camera","EZVIZ","EZVIZ - Creating Easy Smart Homes","DROPPED_NO_IMAGE","0","0","https://www.ezviz.com/br/category/Indoor-Wi-Fi-Cameras"
"camera","EZVIZ","","NO_VALID_PRODUCT_FOUND","0","0",""
"camera","TP-Link VIGI","","NO_VALID_PRODUCT_FOUND","0","0",""
"network","Reyee","","NO_VALID_PRODUCT_FOUND","0","0",""
"network","TP-Link Omada","","NO_VALID_PRODUCT_FOUND","0","0",""
"network","Ubiquiti","Industry Leading Hardware","DROPPED_SPECS","0","4","https://ui.com/door-access"
"network","Ubiquiti","Access, Reimagined","DROPPED_SPECS","0","5","https://ui.com/door-access/starter-kits"
"network","Ubiquiti","Access, Reimagined","DROPPED_SPECS","0","3","https://ui.com/door-access/control-hubs"
"network","Ubiquiti","Access, Reimagined","DROPPED_SPECS","0","4","https://ui.com/door-access/readers"
"network","Ubiquiti","Access Reimagined","DROPPED_SPECS","0","1","https://ui.com/door-access/intercoms"
"network","Ubiquiti","Touch Pass for UniFi Access","DROPPED_SPECS","0","4","https://ui.com/door-access/touch-pass"
"network","Ubiquiti","Industry Leading Hardware","DROPPED_SPECS","0","1","https://ui.com/cloud-gateways"
"network","Ubiquiti","Welcome to UniFi Enterprise","DROPPED_SPECS","0","1","https://ui.com/cloud-gateways/enterprise-scale"
"network","Ubiquiti","A Performance Monster","DROPPED_SPECS","0","3","https://ui.com/cloud-gateways/large-scale"
"network","Ubiquiti","Instant UniFi. Just Add Internet.","DROPPED_SPECS","0","2","https://ui.com/cloud-gateways/wifi-integrated"
"network","Ubiquiti","Compact and Powerful","DROPPED_SPECS","0","1","https://ui.com/cloud-gateways/compact"
"network","Ubiquiti","Capacity Calculator","DROPPED_SPECS","0","5","https://ui.com/cloud-gateways/resource-calculator"
"network","Ubiquiti","Industry Leading Hardware","DROPPED_SPECS","0","1","https://ui.com/switching"
"network","Ubiquiti","100Gbps Throughput, Built for the Core.","DROPPED_SPECS","0","1","https://ui.com/switching/enterprise"
"network","Ubiquiti","Maximum PoE Availability","DROPPED_SPECS","0","1","https://ui.com/switching/professional"
"network","Ubiquiti","Fanless, Silent Cooling","DROPPED_SPECS","0","2","https://ui.com/switching/value"
"network","Ubiquiti","Compact Versatility","DROPPED_SPECS","0","1","https://ui.com/switching/compact"
"network","Ubiquiti","Designed for High Availability","DROPPED_SPECS","0","1","https://ui.com/switching/wan"
"network","Ubiquiti","From a Single Room to a Stadium, Perfectly in Sync","DROPPED_SPECS","0","1","https://ui.com/switching/enterprise-av"
"network","Ubiquiti","UniFi Flexibility for MSPs","DROPPED_SPECS","0","2","https://ui.com/integrations/cloud-keys-gateways/control-plane-options"
"network","Ubiquiti","UniFi Flexibility for MSPs","DROPPED_SPECS","0","2","https://ui.com/integrations/cloud-keys-gateways/independent-gateways"
"network","Ubiquiti","UniFi Deployment Essentials","DROPPED_SPECS","0","5","https://ui.com/integrations/accessory-tech"
"network","Ubiquiti","Seamless Internet and Failover","DROPPED_SPECS","0","1","https://ui.com/integrations/accessory-tech/internet-solutions"
"network","Ubiquiti","Welcome to SFP Liberation Day","DROPPED_SPECS","0","1","https://ui.com/integrations/accessory-tech/sfp-wizard"
"network","Ubiquiti","Travel in Style. UniFi style.","DROPPED_SPECS","0","1","https://ui.com/integrations/accessory-tech/travel-router"
"network","Ubiquiti","The Most Powerful WiFi Client Ever Created.","DROPPED_SPECS","0","1","https://ui.com/integrations/accessory-tech/air-wire"
"network","Ubiquiti","Company","DROPPED_SPECS","0","2","https://ui.com/download/unifi/download-started"
"network","Ubiquiti","","NO_VALID_PRODUCT_FOUND","0","0",""
"network","MikroTik","Ethernet Routers","DROPPED_SPECS","0","5","https://mikrotik.com/products/group/ethernet-routers"
"network","MikroTik","","NO_VALID_PRODUCT_FOUND","0","0",""
"network","HPE Aruba Networking","","NO_VALID_PRODUCT_FOUND","0","0",""
"laptop","Dell","","NO_VALID_PRODUCT_FOUND","0","0",""
"laptop","HP","","NO_VALID_PRODUCT_FOUND","0","0",""
"laptop","Lenovo","","NO_VALID_PRODUCT_FOUND","0","0",""
"laptop","ASUS","ExpertBook P3 (PM3406CKA)｜Copilot+ PC pour le travail | ASUS","ACCEPTED","6","1","https://www.asus.com/africa-fr/laptops/for-work/expertbook/asus-expertbook-p3-pm3406/"
"laptop","ASUS","ASUS ExpertBook P3 (PM3406) - Avis｜PC portables Pour le travail｜ASUS Afrique","DROPPED_NO_IMAGE","6","0","https://www.asus.com/africa-fr/laptops/for-work/expertbook/asus-expertbook-p3-pm3406/review/"
"laptop","ASUS","ExpertBook B3 (B3604) - Avis｜PC portables Pour le travail｜ASUS Afrique","DROPPED_NO_IMAGE","6","0","https://www.asus.com/africa-fr/laptops/for-work/expertbook/expertbook-b3-b3604/review/"
"laptop","ASUS","ExpertBook B5 (B5404) - Avis｜PC portables ｜ASUS Afrique","DROPPED_NO_IMAGE","6","0","https://www.asus.com/africa-fr/laptops/gov-procurement/lp5-113046/expertbook-b5-b5404/review/"
"laptop","ASUS","ASUS Zenbook A16 (UX3607)｜PC portables Pour la maison｜ASUS Afrique","DROPPED_NO_IMAGE","6","0","https://www.asus.com/africa-fr/laptops/for-home/zenbook/asus-zenbook-a16-ux3607/"
"laptop","ASUS","ASUS ExpertBook B3 (B3405) - Avis｜PC portables Pour le travail｜ASUS Afrique","DROPPED_NO_IMAGE","6","0","https://www.asus.com/africa-fr/laptops/for-work/expertbook/asus-expertbook-b3-b3405/review/"
"laptop","ASUS","ExpertBook P3 G2 | Copilot PC for Business | ASUS Global","DROPPED_NO_IMAGE","6","0","https://www.asus.com/africa-fr/laptops/for-work/expertbook/asus-expertbook-p3-g2-16-amd/"
"laptop","ASUS","ASUS Zenbook S 14 (UX5406)｜PC portables Pour la maison｜ASUS Afrique","ACCEPTED","18","1","https://www.asus.com/africa-fr/laptops/for-home/zenbook/asus-zenbook-s-14-ux5406/"
"laptop","ASUS","ASUS Zenbook S 14 (UX5406) - Caractéristiques techniques｜PC portables Pour la maison｜ASUS Afrique","DROPPED_NO_IMAGE","6","0","https://www.asus.com/africa-fr/laptops/for-home/zenbook/asus-zenbook-s-14-ux5406/techspec/"
"laptop","ASUS","ASUS Zenbook S 14 (UX5406) - Avis｜PC portables Pour la maison｜ASUS Afrique","DROPPED_NO_IMAGE","6","0","https://www.asus.com/africa-fr/laptops/for-home/zenbook/asus-zenbook-s-14-ux5406/review/"
"laptop","ASUS","ExpertBook B3 (B3404) - Avis｜PC portables Pour les étudiants｜ASUS Afrique","DROPPED_NO_IMAGE","6","0","https://www.asus.com/africa-fr/laptops/for-students/expertbook/expertbook-b3-b3404/review/"
"laptop","ASUS","ASUS ExpertBook B5 (B5605) - Avis｜PC portables Pour le travail｜ASUS Afrique","DROPPED_NO_IMAGE","6","0","https://www.asus.com/africa-fr/laptops/for-work/expertbook/asus-expertbook-b5-b5605/review/"
"laptop","ASUS","ASUS Zenbook DUO (UX8407)｜PC portables Pour la maison｜ASUS Afrique","DROPPED_NO_IMAGE","6","0","https://www.asus.com/africa-fr/laptops/for-home/zenbook/asus-zenbook-duo-ux8407/"
"laptop","ASUS","ExpertBook B9 OLED (B9403, Series 1 intel) - Avis｜PC portables Pour le travail｜ASUS Afrique","DROPPED_NO_IMAGE","6","0","https://www.asus.com/africa-fr/laptops/for-work/all-series/expertbook-b9-oled-b9403-series-1-intel/review/"
"laptop","ASUS","ASUS ExpertBook Ultra｜PC IA pour le travail | ASUS Afrique","DROPPED_NO_IMAGE","6","0","https://www.asus.com/africa-fr/laptops/for-work/expertbook/asus-expertbook-ultra/"
"laptop","ASUS","ASUS Zenbook 14 (UX3480, Qualcomm)｜PC portables Pour la maison｜ASUS Afrique","DROPPED_NO_IMAGE","6","0","https://www.asus.com/africa-fr/laptops/for-home/zenbook/asus-zenbook-14-ux3480-qualcomm/"
"laptop","ASUS","ASUS ExpertBook P5 G1 (16"" Intel)｜PC portables Pour le travail｜ASUS Afrique","ACCEPTED","6","1","https://www.asus.com/africa-fr/laptops/for-work/expertbook/asus-expertbook-p5-g1-16-intel/"
"laptop","ASUS","ASUS Zenbook 14 OLED (UX3405)｜PC portables Pour la maison｜ASUS Afrique","ACCEPTED","16","1","https://www.asus.com/africa-fr/laptops/for-home/zenbook/asus-zenbook-14-oled-ux3405/"
"laptop","ASUS","ASUS Zenbook 14 OLED (UX3405) - Avis｜PC portables Pour la maison｜ASUS Afrique","DROPPED_NO_IMAGE","6","0","https://www.asus.com/africa-fr/laptops/for-home/zenbook/asus-zenbook-14-oled-ux3405/review/"
"laptop","ASUS","ASUS ExpertBook B5 (B5405) - Avis｜PC portables Pour le travail｜ASUS Afrique","DROPPED_NO_IMAGE","6","0","https://www.asus.com/africa-fr/laptops/for-work/expertbook/asus-expertbook-b5-b5405/review/"
"laptop","ASUS","ASUS ExpertBook B3 (B3605) - Avis｜PC portables Pour le travail｜ASUS Afrique","DROPPED_NO_IMAGE","6","0","https://www.asus.com/africa-fr/laptops/for-work/all-series/asus-expertbook-b3-b3605/review/"
"laptop","ASUS","ExpertBook P5 (P5405) | PC IA professionnel | ASUS Afrique","ACCEPTED","6","1","https://www.asus.com/africa-fr/laptops/for-work/expertbook/expertbook-p5-p5405/"
"laptop","ASUS","ExpertBook P5 (P5405) - Avis｜PC portables Pour le travail｜ASUS Afrique","DROPPED_NO_IMAGE","6","0","https://www.asus.com/africa-fr/laptops/for-work/expertbook/expertbook-p5-p5405/review/"
"laptop","ASUS","ASUS Zenbook 14 (UX3480, Intel)｜PC portables Pour la maison｜ASUS Afrique","DROPPED_NO_IMAGE","6","0","https://www.asus.com/africa-fr/laptops/for-home/zenbook/asus-zenbook-14-ux3480-intel/"
"laptop","Acer","","NO_VALID_PRODUCT_FOUND","0","0",""
"desktop","Dell","","NO_VALID_PRODUCT_FOUND","0","0",""
"desktop","HP","","NO_VALID_PRODUCT_FOUND","0","0",""
"desktop","Lenovo","","NO_VALID_PRODUCT_FOUND","0","0",""
"desktop","ASUS","ProArt Display OLED PA32DC - Avis｜Moniteurs｜ASUS Afrique","DROPPED_NO_IMAGE","6","0","https://www.asus.com/africa-fr/displays-desktops/monitors/proart/proart-display-oled-pa32dc/review/"
"desktop","ASUS","ZenScreen Touch MB16AMT - Avis｜Moniteurs｜ASUS Afrique","DROPPED_NO_IMAGE","6","0","https://www.asus.com/africa-fr/displays-desktops/monitors/zenscreen/zenscreen-touch-mb16amt/review/"
"desktop","ASUS","VT229H｜Moniteurs｜ASUS Afrique","ACCEPTED","6","5","https://www.asus.com/africa-fr/displays-desktops/monitors/touch/vt229h/"
"desktop","ASUS","VT229H - Avis｜Moniteurs｜ASUS Afrique","DROPPED_NO_IMAGE","6","0","https://www.asus.com/africa-fr/displays-desktops/monitors/touch/vt229h/review/"
"desktop","ASUS","ProArt Display PA329CRV - Avis｜Moniteurs｜ASUS Afrique","DROPPED_NO_IMAGE","6","0","https://www.asus.com/africa-fr/displays-desktops/monitors/proart/proart-display-pa329crv/review/"
"desktop","ASUS","ProArt Display PA32UCG-K｜Moniteurs｜ASUS Afrique","ACCEPTED","6","5","https://www.asus.com/africa-fr/displays-desktops/monitors/proart/proart-display-pa32ucg-k/"
"desktop","ASUS","ProArt Display PA32UCG-K - Avis｜Moniteurs｜ASUS Afrique","DROPPED_NO_IMAGE","6","0","https://www.asus.com/africa-fr/displays-desktops/monitors/proart/proart-display-pa32ucg-k/review/"
"desktop","ASUS","TUF Gaming VG27AQA1A - Avis｜Moniteurs｜ASUS Afrique","DROPPED_NO_IMAGE","6","0","https://www.asus.com/africa-fr/displays-desktops/monitors/tuf-gaming/tuf-gaming-vg27aqa1a/review/"
"desktop","ASUS","ASUS ExpertCenter PN53 - Avis｜Mini PC｜ASUS Afrique","DROPPED_NO_IMAGE","6","0","https://www.asus.com/africa-fr/displays-desktops/mini-pcs/pn-series/asus-expertcenter-pn53/review/"
"desktop","ASUS","ASUS ExpertCenter P500 Mini Tower (P500MV) - Avis｜Ordinateurs de bureau｜ASUS Afrique","DROPPED_NO_IMAGE","6","0","https://www.asus.com/africa-fr/displays-desktops/tower-pcs/expertcenter/asus-expertcenter-p500-mini-tower-p500mv/review/"
"desktop","ASUS","TUF Gaming VG249QM5A｜Moniteurs｜ASUS Afrique","ACCEPTED","6","5","https://www.asus.com/africa-fr/displays-desktops/monitors/tuf-gaming/tuf-gaming-vg249qm5a/"
"desktop","ASUS","TUF Gaming VG249QM5A - Avis｜Moniteurs｜ASUS Afrique","DROPPED_NO_IMAGE","6","0","https://www.asus.com/africa-fr/displays-desktops/monitors/tuf-gaming/tuf-gaming-vg249qm5a/review/"
"desktop","ASUS","ExpertCenter PM670GA｜All-in-One Copilot+ PC｜ASUS Global","ACCEPTED","6","1","https://www.asus.com/africa-fr/displays-desktops/all-in-one-pcs/expertcenter-aio/asus-expertcenter-pm600-pm670ga/"
"desktop","ASUS","ExpertCenter P700 SFF | PC IA pour le travail | ASUS France","ACCEPTED","6","1","https://www.asus.com/africa-fr/displays-desktops/tower-pcs/expertcenter/asus-expertcenter-p700-sff-pm700sk/"
"desktop","ASUS","ASUS Ascent GX10｜Desktop AI supercomputer｜ASUS AFRICA-FR","ACCEPTED","6","5","https://www.asus.com/africa-fr/networking-iot-servers/desktop-ai-supercomputer/ultra-small-ai-supercomputers/asus-ascent-gx10/"
"desktop","ASUS","ASUS Ascent GX10 - Avis｜Desktop AI supercomputer｜ASUS Afrique","DROPPED_NO_IMAGE","6","0","https://www.asus.com/africa-fr/networking-iot-servers/desktop-ai-supercomputer/ultra-small-ai-supercomputers/asus-ascent-gx10/review/"
"desktop","ASUS","VP248QG - Avis｜Moniteurs｜ASUS Afrique","DROPPED_NO_IMAGE","6","0","https://www.asus.com/africa-fr/displays-desktops/monitors/gaming/vp248qg/review/"
"desktop","ASUS","ASUS NUC 14 Pro AI - Avis｜NUCs｜ASUS Afrique","DROPPED_NO_IMAGE","6","0","https://www.asus.com/africa-fr/displays-desktops/nucs/nuc-mini-pcs/asus-nuc-14-pro-ai/review/"
"desktop","ASUS","ZenScreen Smart Monitor MS27UC - Avis｜Moniteurs｜ASUS Afrique","DROPPED_NO_IMAGE","6","0","https://www.asus.com/africa-fr/displays-desktops/monitors/zenscreen/zenscreen-smart-monitor-ms27uc/review/"
"desktop","ASUS","TUF Gaming VG32VQ - Avis｜Moniteurs｜ASUS Afrique","DROPPED_NO_IMAGE","6","0","https://www.asus.com/africa-fr/displays-desktops/monitors/tuf-gaming/tuf-gaming-vg32vq/review/"
"desktop","ASUS","BE24ECSNK - Avis｜Moniteurs｜ASUS Afrique","DROPPED_NO_IMAGE","6","0","https://www.asus.com/africa-fr/displays-desktops/monitors/business/be24ecsnk/review/"
"desktop","ASUS","Master Your HDR Workflow","ACCEPTED","6","5","https://www.asus.com/africa-fr/displays-desktops/monitors/proart/proart-display-pa27ucx/"
"desktop","ASUS","ProArt Display PA27UCX - Avis｜Moniteurs｜ASUS Afrique","DROPPED_NO_IMAGE","6","0","https://www.asus.com/africa-fr/displays-desktops/monitors/proart/proart-display-pa27ucx/review/"
"desktop","Acer","","NO_VALID_PRODUCT_FOUND","0","0",""
"printer","HP","","NO_VALID_PRODUCT_FOUND","0","0",""
"printer","Canon","","NO_VALID_PRODUCT_FOUND","0","0",""
"printer","Epson","Epson WorkForce GT-1500 Color Document Scanner","DROPPED_NO_IMAGE","0","0","https://epson.com/For-Home/Scanners/Document-Scanners/Epson-WorkForce-GT-1500-Color-Document-Scanner/p/B11B190011"
"printer","Epson","Epson WorkForce DS-50000 Color Document Scanner","DROPPED_NO_IMAGE","0","0","https://epson.com/For-Work/Scanners/Document-Scanners/Epson-WorkForce-DS-50000-Color-Document-Scanner/p/B11B204121"
"printer","Epson","Epson WorkForce DS-60000 Color Document Scanner","DROPPED_NO_IMAGE","1","0","https://epson.com/For-Work/Scanners/Document-Scanners/Epson-WorkForce-DS-60000-Color-Document-Scanner/p/B11B204221"
"printer","Epson","Epson WorkForce Pro GT-S55 Color Document Scanner","DROPPED_NO_IMAGE","0","0","https://epson.com/Document/Epson-WorkForce-Pro-GT-S55-Color-Document-Scanner/p/B11B202201"
"printer","Epson","Epson WorkForce DS-7500 Color Document Scanner","DROPPED_NO_IMAGE","2","0","https://epson.com/For-Work/Scanners/Document-Scanners/Epson-WorkForce-DS-7500-Color-Document-Scanner/p/B11B205321"
"printer","Epson","Epson WorkForce Pro GT-S85 Color Document Scanner","DROPPED_NO_IMAGE","0","0","https://epson.com/For-Work/Scanners/Document-Scanners/Epson-WorkForce-Pro-GT-S85-Color-Document-Scanner/p/B11B203201"
"printer","Epson","Epson WorkForce DS-6500 Color Document Scanner","DROPPED_NO_IMAGE","2","0","https://epson.com/For-Work/Scanners/Document-Scanners/Epson-WorkForce-DS-6500-Color-Document-Scanner/p/B11B205221"
"printer","Epson","TM-S2000 Multifunction Teller Device","DROPPED_NO_IMAGE","0","0","https://epson.com/For-Work/POS-System-Devices/POS-Printers/TM-S2000-Multifunction-Teller-Device/p/A41A268011"
"printer","Epson","Epson WorkForce DS-760 Color Document Scanner","DROPPED_NO_IMAGE","0","0","https://epson.com/For-Work/Scanners/Document-Scanners/Epson-WorkForce-DS-760-Color-Document-Scanner/p/B11B222202"
"printer","Epson","TM-S9000 Multifunction Teller Device","DROPPED_NO_IMAGE","0","0","https://epson.com/For-Work/POS-System-Devices/POS-Printers/TM-S9000-Multifunction-Teller-Device/p/A41A267011"
"printer","Epson","Epson WorkForce DS-70000 Color Document Scanner","DROPPED_NO_IMAGE","1","0","https://epson.com/For-Work/Scanners/Document-Scanners/Epson-WorkForce-DS-70000-Color-Document-Scanner/p/B11B204321"
"printer","Epson","Epson WorkForce DS-40 Color Portable Scanner","DROPPED_NO_IMAGE","0","0","https://epson.com/Certified-ReNew/Scanners/Epson-WorkForce-DS-40-Color-Portable-Scanner/p/B11B225201"
"printer","Epson","Epson WorkForce DS-30 Color Portable Scanner","DROPPED_NO_IMAGE","0","0","https://epson.com/For-Home/Scanners/Document-Scanners/Epson-WorkForce-DS-30-Color-Portable-Scanner/p/B11B206201"
"printer","Epson","Epson WorkForce DS-560 Wireless Color Document Scanner","DROPPED_NO_IMAGE","0","0","https://epson.com/For-Home/Scanners/Document-Scanners/Epson-WorkForce-DS-560-Wireless-Color-Document-Scanner/p/B11B221201"
"printer","Epson","Epson WorkForce DS-510 Color Document Scanner","DROPPED_NO_IMAGE","0","0","https://epson.com/For-Home/Scanners/Document-Scanners/Epson-WorkForce-DS-510-Color-Document-Scanner/p/B11B209201"
"printer","Epson","LX-300+ II Impact Printer","DROPPED_NO_IMAGE","0","0","https://epson.com/For-Work/Printers/Impact-Dot-Matrix/LX-300%2B-II-Impact-Printer/p/C11C640001"
"printer","Epson","Epson Stylus Photo R1900 Ink Jet Printer","DROPPED_NO_IMAGE","0","0","https://epson.com/For-Home/Printers/Photo/Epson-Stylus-Photo-R1900-Ink-Jet-Printer/p/C11C698201"
"printer","Epson","FX-890 Impact Printer","DROPPED_NO_IMAGE","0","0","https://epson.com/For-Work/Printers/Impact-Dot-Matrix/FX-890-Impact-Printer/p/C11C524001"
"printer","Epson","Discproducer Autoprinter","DROPPED_NO_IMAGE","0","0","https://epson.com/For-Work/Printers/Inkjet/Discproducer-Autoprinter/p/C11CA93001"
"printer","Epson","DFX-9000 Impact Dot Matrix Printer","DROPPED_NO_IMAGE","0","0","https://epson.com/For-Work/Printers/Impact-Dot-Matrix/DFX-9000-Impact-Dot-Matrix-Printer/p/C11C605001"
"printer","Epson","TM-L500A Label and Ticket Printer","DROPPED_NO_IMAGE","0","0","https://epson.com/For-Work/POS-System-Devices/POS-Printers/TM-L500A-Label-and-Ticket-Printer/p/C31CB49118"
"printer","Epson","LQ-2090 Impact Printer","DROPPED_NO_IMAGE","0","0","https://epson.com/For-Work/Printers/Impact-Dot-Matrix/LQ-2090-Impact-Printer/p/C11C559001"
"printer","Epson","Epson WorkForce DS-860 Color Document Scanner","DROPPED_NO_IMAGE","0","0","https://epson.com/For-Work/Scanners/Document-Scanners/Epson-WorkForce-DS-860-Color-Document-Scanner/p/B11B222201"
"printer","Epson","ColorWorks C7500 Inkjet Label Printer","DROPPED_NO_IMAGE","1","0","https://epson.com/For-Work/Printers/Label/ColorWorks-C7500-Inkjet-Label-Printer/p/C31CD84011"
"printer","Epson","LX-350 Impact Dot Matrix Printer","DROPPED_NO_IMAGE","0","0","https://epson.com/For-Work/Printers/Impact-Dot-Matrix/LX-350-Impact-Dot-Matrix-Printer/p/C11CC24001"
"printer","Epson","FX-2190 Impact Printer","DROPPED_NO_IMAGE","0","0","https://epson.com/For-Work/Printers/Impact-Dot-Matrix/FX-2190-Impact-Printer/p/C11C526001"
"printer","Epson","Replacement Printer Cutter Blade","DROPPED_NO_IMAGE","0","0","https://epson.com/Accessories/Printer-Accessories/Replacement-Printer-Cutter-Blade/p/S902006"
"printer","Epson","ColorWorks / SecurColor C3400 Inkjet Label Printer","DROPPED_NO_IMAGE","0","0","https://epson.com/For-Work/Printers/Label/ColorWorks-SecurColor-C3400-Inkjet-Label-Printer/p/C31CA26011"
"printer","Epson","Epson WorkForce DS-520 Color Document Scanner","DROPPED_NO_IMAGE","0","0","https://epson.com/For-Work/Scanners/Document-Scanners/Epson-WorkForce-DS-520-Color-Document-Scanner/p/B11B234201"
"printer","Epson","ColorWorks C3500 Color Label Printer","DROPPED_NO_IMAGE","0","0","https://epson.com/For-Work/Printers/Label/ColorWorks-C3500-Color-Label-Printer/p/C31CD54011"
"printer","Epson","SureColor Multifunction Module (SureColor T5270 and T5270D Only)","DROPPED_NO_IMAGE","0","0","https://epson.com/Accessories/Printer-Accessories/SureColor-Multifunction-Module-%28SureColor-T5270-and-T5270D-Only%29/p/SCT36SCAN"
"printer","Epson","SureColor Multifunction Module (SureColor T7270 and T7270D Only)","DROPPED_NO_IMAGE","0","0","https://epson.com/Accessories/Printer-Accessories/SureColor-Multifunction-Module-%28SureColor-T7270-and-T7270D-Only%29/p/SCT44SCAN"
"printer","Epson","Epson SureColor F7170 Printer","DROPPED_NO_IMAGE","0","0","https://epson.com/For-Work/Printers/Large-Format/Epson-SureColor-F7170-Printer/p/SCF7170PE"
"printer","Epson","Epson Stylus Pro 4900 Printer","DROPPED_NO_IMAGE","0","0","https://epson.com/For-Work/Printers/Large-Format/Epson-Stylus-Pro-4900-Printer/p/SP4900HDR"
"printer","Epson","Epson Stylus Pro 11880 Printer","DROPPED_NO_IMAGE","0","0","https://epson.com/For-Work/Printers/Large-Format/Epson-Stylus-Pro-11880-Printer/p/SP11880K3"
"printer","Epson","Epson SureColor S30670 Printer","DROPPED_NO_IMAGE","0","0","https://epson.com/For-Work/Printers/Large-Format/Epson-SureColor-S30670-Printer/p/SCS30670PE"
"printer","Epson","Epson Stylus Pro 7900 Printer","DROPPED_NO_IMAGE","0","0","https://epson.com/For-Work/Printers/Large-Format/Epson-Stylus-Pro-7900-Printer/p/SP7900HDR"
"printer","Epson","Epson SureColor F6070 Printer","DROPPED_NO_IMAGE","0","0","https://epson.com/For-Work/Printers/Large-Format/Epson-SureColor-F6070-Printer/p/SCF6070PE"
"printer","Epson","Epson Stylus Pro 9890 Printer","DROPPED_NO_IMAGE","0","0","https://epson.com/For-Work/Printers/Large-Format/Epson-Stylus-Pro-9890-Printer/p/SP9890K3"
"printer","Epson","Epson Stylus Pro 9900 Printer","DROPPED_NO_IMAGE","0","0","https://epson.com/For-Work/Printers/Large-Format/Epson-Stylus-Pro-9900-Printer/p/SP9900HDR"
"printer","Epson","Epson SureColor S30675 Printer","DROPPED_NO_IMAGE","0","0","https://epson.com/For-Work/Printers/Large-Format/Epson-SureColor-S30675-Printer/p/SCS30675PE"
"printer","Epson","Epson Stylus Pro WT7900","DROPPED_NO_IMAGE","0","0","https://epson.com/For-Work/Printers/Large-Format/Epson-Stylus-Pro-WT7900/p/SPWT7900"
"printer","Epson","Epson Stylus Pro 7890 Printer","DROPPED_NO_IMAGE","0","0","https://epson.com/For-Work/Printers/Large-Format/Epson-Stylus-Pro-7890-Printer/p/SP7890K3"
"printer","Epson","Epson WorkForce Pro GT-S80 Color Document Scanner","DROPPED_NO_IMAGE","0","0","https://epson.com/For-Work/Scanners/Document-Scanners/Epson-WorkForce-Pro-GT-S80-Color-Document-Scanner/p/B11B194081"
"printer","Epson","Additional 2"" or 3"" Roll Media Spindle","DROPPED_NO_IMAGE","0","0","https://epson.com/Accessories/Printer-Accessories/Additional-2%22-or-3%22-Roll-Media-Spindle/p/C12C811251"
"printer","Epson","250-sheet Optional Paper Cassette - White","DROPPED_NO_IMAGE","0","0","https://epson.com/Accessories/Printer-Accessories/250-sheet-Optional-Paper-Cassette---White/p/C12C817011"
"printer","Epson","Replacement Printer Cutter Blade","DROPPED_NO_IMAGE","0","0","https://epson.com/Accessories/Printer-Accessories/Replacement-Printer-Cutter-Blade/p/C12C815351"
"printer","Epson","Additional Roll Media Adapters","DROPPED_NO_IMAGE","0","0","https://epson.com/Accessories/Printer-Accessories/Additional-Roll-Media-Adapters/p/C12C811401"
"printer","Epson","LabelWorks AC Adapter","DROPPED_NO_IMAGE","0","0","https://epson.com/Accessories/Printer-Accessories/LabelWorks-AC-Adapter/p/C52CB73020"
"printer","Epson","Adobe® PostScript® 3™ Hardware Module","DROPPED_NO_IMAGE","0","0","https://epson.com/Accessories/Printer-Accessories/Adobe%C2%AE-PostScript%C2%AE-3%E2%84%A2-Hardware-Module/p/C12C891131"
"printer","Epson","Internal Print Server","DROPPED_NO_IMAGE","0","0","https://epson.com/Accessories/Printer-Accessories/Internal-Print-Server/p/C12C848031"
"printer","Epson","Epson SpectroProofer 17” (M0) SPECTRO17","DROPPED_NO_IMAGE","0","0","https://epson.com/Accessories/Printer-Accessories/Epson-SpectroProofer-17%E2%80%9D-%28M0%29-SPECTRO17/p/SPECTRO17"
"printer","Epson","Automatic Take-up Reel System (SureColor T7000 Only)","DROPPED_NO_IMAGE","0","0","https://epson.com/Accessories/Printer-Accessories/Automatic-Take-up-Reel-System-%28SureColor-T7000-Only%29/p/SCT70TUR"
"printer","Epson","Epson Spectroproofer 17” UV-Cut (M2) SPECTRO17UV","DROPPED_NO_IMAGE","0","0","https://epson.com/Accessories/Printer-Accessories/Epson-Spectroproofer-17%E2%80%9D-UV-Cut-%28M2%29-SPECTRO17UV/p/SPECTRO17UV"
"printer","Epson","Replacement BorderFree Maintenance Tank","DROPPED_NO_IMAGE","0","0","https://epson.com/Accessories/Printer-Accessories/Replacement-BorderFree-Maintenance-Tank/p/T619100"
"printer","Epson","Replacement Ink Maintenance Tank","DROPPED_NO_IMAGE","0","0","https://epson.com/Accessories/Printer-Accessories/Replacement-Ink-Maintenance-Tank/p/T619000"
"printer","Epson","Replacement Ink Maintenance Tank","DROPPED_NO_IMAGE","0","0","https://epson.com/Accessories/Printer-Accessories/Replacement-Ink-Maintenance-Tank/p/T619300"
"printer","Epson","Epson SureColor F6200 Printer","DROPPED_NO_IMAGE","0","0","https://epson.com/For-Work/Printers/Large-Format/Epson-SureColor-F6200-Printer/p/SCF6200PS"
"printer","Epson","Epson SureColor P6000 Standard Edition Printer","DROPPED_NO_IMAGE","2","0","https://epson.com/For-Work/Printers/Large-Format/Epson-SureColor-P6000-Standard-Edition-Printer/p/SCP6000SE"
"printer","Epson","Epson SureColor P800 Printer","DROPPED_NO_IMAGE","0","0","https://epson.com/For-Work/Printers/Large-Format/Epson-SureColor-P800-Printer/p/SCP800SE"
"printer","Epson","Epson SureColor P400 Wide Format Inkjet Printer","DROPPED_NO_IMAGE","0","0","https://epson.com/For-Work/Printers/Large-Format/Epson-SureColor-P400-Wide-Format-Inkjet-Printer/p/C11CE85201"
"printer","Epson","Epson SureColor F9200 Printer","DROPPED_NO_IMAGE","0","0","https://epson.com/For-Work/Printers/Large-Format/Epson-SureColor-F9200-Printer/p/SCF9200PE"
"printer","Epson","Epson SureColor F7200 Printer","DROPPED_NO_IMAGE","0","0","https://epson.com/For-Work/Printers/Large-Format/Epson-SureColor-F7200-Printer/p/SCF7200PS"
"printer","Epson","Epson SureColor P7000 Standard Edition Printer","DROPPED_NO_IMAGE","2","0","https://epson.com/For-Work/Printers/Large-Format/Epson-SureColor-P7000-Standard-Edition-Printer/p/SCP7000SE"
"printer","Epson","Epson SureColor P8000 Standard Edition Printer","DROPPED_NO_IMAGE","2","0","https://epson.com/For-Work/Printers/Large-Format/Epson-SureColor-P8000-Standard-Edition-Printer/p/SCP8000SE"
"printer","Epson","TM-U220 Receipt/Kitchen Printer","DROPPED_NO_IMAGE","0","0","https://epson.com/For-Work/POS-System-Devices/POS-Printers/TM-U220-Receipt-Kitchen-Printer/p/C31C514653"
"printer","Epson","Mobilink P80 3"" Mobile Receipt Printer","DROPPED_NO_IMAGE","0","0","https://epson.com/For-Work/Printers/POS/Mobilink-P80-3%22-Mobile-Receipt-Printer/p/C31CD70011"
"printer","Epson","TM-T20II Ethernet Plus POS Receipt Printer","DROPPED_NO_IMAGE","0","0","https://epson.com/For-Work/Printers/POS/TM-T20II-Ethernet-Plus-POS-Receipt-Printer/p/C31CD52A9912"
"printer","Epson","TM-T70II POS Receipt Printer","DROPPED_NO_IMAGE","0","0","https://epson.com/For-Work/Printers/POS/TM-T70II-POS-Receipt-Printer/p/C31CD38124"
"printer","Epson","OmniLink TM-T88V-i Intelligent Printer with VGA or COM","DROPPED_NO_IMAGE","0","0","https://epson.com/For-Work/POS-System-Devices/POS-Printers/OmniLink-TM-T88V-i-Intelligent-Printer-with-VGA-or-COM/p/C31CA85791"
"printer","Epson","TM-U590 Slip Printer","DROPPED_NO_IMAGE","0","0","https://epson.com/For-Work/Printers/POS/TM-U590-Slip-Printer/p/C31C196112"
"printer","Epson","TM-U950 Multifunction Printer","DROPPED_NO_IMAGE","0","0","https://epson.com/For-Work/Printers/POS/TM-U950-Multifunction-Printer/p/C31C151283"
"printer","Epson","TM-U675 Multifunction Printer","DROPPED_NO_IMAGE","0","0","https://epson.com/For-Work/Printers/POS/TM-U675-Multifunction-Printer/p/C31C283082"
"printer","Epson","TM-T88V POS Receipt Printer","DROPPED_NO_IMAGE","0","0","https://epson.com/For-Work/POS-System-Devices/POS-Printers/TM-T88V-POS-Receipt-Printer/p/C31CA85084"
"printer","Epson","TM-U295 Slip Printer","DROPPED_NO_IMAGE","0","0","https://epson.com/For-Work/Printers/POS/TM-U295-Slip-Printer/p/C31C163292"
"printer","Epson","LQ-590 Impact Printer","DROPPED_NO_IMAGE","0","0","https://epson.com/For-Work/Printers/Impact-Dot-Matrix/LQ-590-Impact-Printer/p/C11C558001"
"printer","Epson","Mobilink P60II 2"" Mobile Receipt or Label Printer","DROPPED_NO_IMAGE","0","0","https://epson.com/For-Work/POS-System-Devices/POS-Printers/Mobilink-P60II-2%22-Mobile-Receipt-or-Label-Printer/p/C31CC79011"
"printer","Epson","FX-890N Impact Printer","DROPPED_NO_IMAGE","0","0","https://epson.com/For-Work/Printers/Impact-Dot-Matrix/FX-890N-Impact-Printer/p/C11C524001NT"
"printer","Epson","Epson SureColor P600 Wide Format Inkjet Printer","DROPPED_NO_IMAGE","0","0","https://epson.com/For-Work/Printers/Large-Format/Epson-SureColor-P600-Wide-Format-Inkjet-Printer/p/C11CE21201"
"printer","Epson","LabelWorks Standard LK Tape Cartridge ~1/4"" Black on White","DROPPED_NO_IMAGE","0","0","https://epson.com/Accessories/Printer-Accessories/LabelWorks-Standard-LK-Tape-Cartridge-%7E1-4%22-Black-on-White/p/LK-2WBN"
"printer","Epson","","NO_VALID_PRODUCT_FOUND","0","0",""
"printer","Brother","HL-L5210DN M&#225;y In Laser","DROPPED_SPECS","2","1","https://www.brother.com.vn/vi-vn/printers/all-printers/hl-l5210dn"
"printer","Brother","HL-L5210DW M&#225;y In Laser","DROPPED_SPECS","2","1","https://www.brother.com.vn/vi-vn/printers/all-printers/hl-l5210dw"
"printer","Brother","","NO_VALID_PRODUCT_FOUND","0","0",""
"printer","Lexmark","","NO_VALID_PRODUCT_FOUND","0","0",""
"scanner","Canon","","NO_VALID_PRODUCT_FOUND","0","0",""
"scanner","Epson","Epson WorkForce GT-1500 Color Document Scanner","DROPPED_NO_IMAGE","0","0","https://epson.com/For-Home/Scanners/Document-Scanners/Epson-WorkForce-GT-1500-Color-Document-Scanner/p/B11B190011"
"scanner","Epson","Epson Perfection V750 Pro","DROPPED_NO_IMAGE","0","0","https://epson.com/Certified-ReNew/Scanners/Epson-Perfection-V750-Pro/p/B11B178061"
"scanner","Epson","Epson WorkForce DS-50000 Color Document Scanner","DROPPED_NO_IMAGE","0","0","https://epson.com/For-Work/Scanners/Document-Scanners/Epson-WorkForce-DS-50000-Color-Document-Scanner/p/B11B204121"
"scanner","Epson","Epson WorkForce DS-60000 Color Document Scanner","DROPPED_NO_IMAGE","1","0","https://epson.com/For-Work/Scanners/Document-Scanners/Epson-WorkForce-DS-60000-Color-Document-Scanner/p/B11B204221"
"scanner","Epson","Epson WorkForce Pro GT-S55 Color Document Scanner","DROPPED_NO_IMAGE","0","0","https://epson.com/Document/Epson-WorkForce-Pro-GT-S55-Color-Document-Scanner/p/B11B202201"
"scanner","Epson","Epson WorkForce DS-7500 Color Document Scanner","DROPPED_NO_IMAGE","2","0","https://epson.com/For-Work/Scanners/Document-Scanners/Epson-WorkForce-DS-7500-Color-Document-Scanner/p/B11B205321"
"scanner","Epson","Epson WorkForce Pro GT-S85 Color Document Scanner","DROPPED_NO_IMAGE","0","0","https://epson.com/For-Work/Scanners/Document-Scanners/Epson-WorkForce-Pro-GT-S85-Color-Document-Scanner/p/B11B203201"
"scanner","Epson","Epson WorkForce DS-6500 Color Document Scanner","DROPPED_NO_IMAGE","2","0","https://epson.com/For-Work/Scanners/Document-Scanners/Epson-WorkForce-DS-6500-Color-Document-Scanner/p/B11B205221"
"scanner","Epson","Epson WorkForce DS-760 Color Document Scanner","DROPPED_NO_IMAGE","0","0","https://epson.com/For-Work/Scanners/Document-Scanners/Epson-WorkForce-DS-760-Color-Document-Scanner/p/B11B222202"
"scanner","Epson","CaptureOne (TM-S1000) Check Scanner","DROPPED_NO_IMAGE","0","0","https://epson.com/For-Work/POS-System-Devices/Check-Scanners/CaptureOne-%28TM-S1000%29-Check-Scanner/p/A41A266011"
"scanner","Epson","Epson WorkForce DS-70000 Color Document Scanner","DROPPED_NO_IMAGE","1","0","https://epson.com/For-Work/Scanners/Document-Scanners/Epson-WorkForce-DS-70000-Color-Document-Scanner/p/B11B204321"
"scanner","Epson","Epson WorkForce DS-40 Color Portable Scanner","DROPPED_NO_IMAGE","0","0","https://epson.com/Certified-ReNew/Scanners/Epson-WorkForce-DS-40-Color-Portable-Scanner/p/B11B225201"
"scanner","Epson","Epson Perfection V19 Scanner","DROPPED_NO_IMAGE","0","0","https://epson.com/For-Home/Scanners/Photo-Scanners/Epson-Perfection-V19-Scanner/p/B11B231201"
"scanner","Epson","Epson WorkForce DS-30 Color Portable Scanner","DROPPED_NO_IMAGE","0","0","https://epson.com/For-Home/Scanners/Document-Scanners/Epson-WorkForce-DS-30-Color-Portable-Scanner/p/B11B206201"
"scanner","Epson","Epson WorkForce DS-560 Wireless Color Document Scanner","DROPPED_NO_IMAGE","0","0","https://epson.com/For-Home/Scanners/Document-Scanners/Epson-WorkForce-DS-560-Wireless-Color-Document-Scanner/p/B11B221201"
"scanner","Epson","Epson WorkForce DS-510 Color Document Scanner","DROPPED_NO_IMAGE","0","0","https://epson.com/For-Home/Scanners/Document-Scanners/Epson-WorkForce-DS-510-Color-Document-Scanner/p/B11B209201"
"scanner","Epson","Epson Perfection V39 Scanner","DROPPED_NO_IMAGE","0","0","https://epson.com/For-Home/Scanners/Photo-Scanners/Epson-Perfection-V39-Scanner/p/B11B232201"
"scanner","Epson","Epson Perfection V850 Pro Photo Scanner","DROPPED_NO_IMAGE","2","0","https://epson.com/For-Work/Scanners/Photo-and-Graphics/Epson-Perfection-V850-Pro-Photo-Scanner/p/B11B224201"
"scanner","Epson","Epson Perfection V550 Photo Color Scanner","DROPPED_NO_IMAGE","0","0","https://epson.com/Certified-ReNew/Scanners/Epson-Perfection-V550-Photo-Color-Scanner/p/B11B210201"
"scanner","Epson","Epson WorkForce DS-860 Color Document Scanner","DROPPED_NO_IMAGE","0","0","https://epson.com/For-Work/Scanners/Document-Scanners/Epson-WorkForce-DS-860-Color-Document-Scanner/p/B11B222201"
"scanner","Epson","Epson WorkForce DS-520 Color Document Scanner","DROPPED_NO_IMAGE","0","0","https://epson.com/For-Work/Scanners/Document-Scanners/Epson-WorkForce-DS-520-Color-Document-Scanner/p/B11B234201"
"scanner","Epson","Epson Expression 11000XL- Graphic Arts Scanner","DROPPED_NO_IMAGE","0","0","https://epson.com/For-Work/Scanners/Photo-and-Graphics/Epson-Expression-11000XL--Graphic-Arts-Scanner/p/E11000XL-GA"
"scanner","Epson","Epson Expression 11000XL- Photo Scanner","DROPPED_NO_IMAGE","0","0","https://epson.com/Certified-ReNew/Scanners/Epson-Expression-11000XL--Photo-Scanner/p/E11000XL-PH"
"scanner","Epson","Epson WorkForce Pro GT-S80 Color Document Scanner","DROPPED_NO_IMAGE","0","0","https://epson.com/For-Work/Scanners/Document-Scanners/Epson-WorkForce-Pro-GT-S80-Color-Document-Scanner/p/B11B194081"
"scanner","Epson","Roller Assembly Kit for use with DS-6500 / DS-7500 Scanners","DROPPED_NO_IMAGE","0","0","https://epson.com/Accessories/Scanner-Accessories/Roller-Assembly-Kit-for-use-with-DS-6500-DS-7500-Scanners/p/B12B813481"
"scanner","Epson","Epson Network Scan Module","DROPPED_NO_IMAGE","0","0","https://epson.com/Accessories/Scanner-Accessories/Epson-Network-Scan-Module/p/B12B808411"
"scanner","Epson","Epson Network Interface Unit","DROPPED_NO_IMAGE","0","0","https://epson.com/Accessories/Scanner-Accessories/Epson-Network-Interface-Unit/p/B12B808441"
"scanner","Epson","Roller Assembly Kit for DS-510 / DS-520 / DS-560","DROPPED_NO_IMAGE","0","0","https://epson.com/Accessories/Scanner-Accessories/Roller-Assembly-Kit-for-DS-510-DS-520-DS-560/p/B12B813561"
"scanner","Epson","Epson Perfection V37 Scanner","DROPPED_NO_IMAGE","0","0","https://epson.com/For-Home/Scanners/Photo-Scanners/Epson-Perfection-V37-Scanner/p/B11B207201"
"scanner","Epson","Automatic Document Feeder","DROPPED_NO_IMAGE","0","0","https://epson.com/Accessories/Scanner-Accessories/Automatic-Document-Feeder/p/B12B813341"
"scanner","Epson","AC Adapter for WorkForce DS-40","DROPPED_NO_IMAGE","0","0","https://epson.com/Accessories/Scanner-Accessories/AC-Adapter-for-WorkForce-DS-40/p/B12B867201"
"scanner","Epson","Maintenance Sheet Kit","DROPPED_NO_IMAGE","0","0","https://epson.com/Accessories/Scanner-Accessories/Maintenance-Sheet-Kit/p/B12B818291"
"scanner","Epson","Multi Photo / Business Card Feeder","DROPPED_NO_IMAGE","0","0","https://epson.com/Accessories/Scanner-Accessories/Multi-Photo-Business-Card-Feeder/p/B12B813372"
"scanner","Epson","Carrier Sheet","DROPPED_NO_IMAGE","0","0","https://epson.com/Accessories/Scanner-Accessories/Carrier-Sheet/p/B12B813431"
"scanner","Epson","Roller Assembly Kit for DS-760 / DS-860","DROPPED_NO_IMAGE","0","0","https://epson.com/Accessories/Scanner-Accessories/Roller-Assembly-Kit-for-DS-760-DS-860/p/B12B813581"
"scanner","Epson","Epson Network Image Express Card","DROPPED_NO_IMAGE","0","0","https://epson.com/Accessories/Scanner-Accessories/Epson-Network-Image-Express-Card/p/B12B808393"
"scanner","Epson","1-Year Epson Preferred Plus Repair or Replace Extended Service Plan","DROPPED_NO_IMAGE","5","0","https://epson.com/Accessories/Scanner-Accessories/1-Year-Epson-Preferred-Plus-Repair-or-Replace-Extended-Service-Plan/p/EPPSNVSCB1"
"scanner","Epson","Fluid Mount Accessory for V800 / V850","DROPPED_NO_IMAGE","0","0","https://epson.com/Accessories/Scanner-Accessories/Fluid-Mount-Accessory-for-V800-V850/p/B12B818272"
"scanner","Epson","Transparency Unit for 11000XL","DROPPED_NO_IMAGE","0","0","https://epson.com/Accessories/Scanner-Accessories/Transparency-Unit-for-11000XL/p/B12B813362"
"scanner","Epson","Roller Assembly Kit","DROPPED_NO_IMAGE","0","0","https://epson.com/Accessories/Scanner-Accessories/Roller-Assembly-Kit/p/B12B813421"
"scanner","Epson","Transparency Unit","DROPPED_NO_IMAGE","0","0","https://epson.com/Accessories/Scanner-Accessories/Transparency-Unit/p/B813202"
"scanner","Epson","1-Year Epson Preferred Plus Repair or Replace Extended Service Plan","DROPPED_NO_IMAGE","5","0","https://epson.com/Accessories/Scanner-Accessories/1-Year-Epson-Preferred-Plus-Repair-or-Replace-Extended-Service-Plan/p/EPPSNVSCA1"
"scanner","Epson","ELPDC04 High Resolution Document Camera","DROPPED_NO_IMAGE","0","0","https://epson.com/Accessories/Projector-Accessories/ELPDC04-High-Resolution-Document-Camera/p/V12H064020"
"scanner","Epson","DC-11 Document Camera - Certified ReNew","DROPPED_NO_IMAGE","0","0","https://epson.com/Certified-ReNew/Supplies-and-Accessories/DC-11-Document-Camera---Certified-ReNew/p/V12H377020-N"
"scanner","Epson","DC-20 Document Camera - Certified ReNew","DROPPED_NO_IMAGE","0","0","https://epson.com/Accessories/Projector-Accessories/DC-20-Document-Camera---Certified-ReNew/p/V12H500020-N"
"scanner","Epson","DC-12 Document Camera - Certified ReNew","DROPPED_NO_IMAGE","0","0","https://epson.com/Certified-ReNew/Supplies-and-Accessories/DC-12-Document-Camera---Certified-ReNew/p/V12H594020-N"
"scanner","Epson","DC-07 Document Camera","DROPPED_NO_IMAGE","0","0","https://epson.com/For-Work/Projectors/Document-Cameras/DC-07-Document-Camera/p/V12H759020"
"scanner","Epson","DC-13 Document Camera","DROPPED_NO_IMAGE","0","0","https://epson.com/For-Work/Projectors/Document-Cameras/DC-13-Document-Camera/p/V12H757020"
"scanner","Epson","DC-21 Document Camera","DROPPED_NO_IMAGE","0","0","https://epson.com/For-Work/Projectors/Document-Cameras/DC-21-Document-Camera/p/V12H758020"
"scanner","Epson","DC-06 Document Camera (PC / Mac)","DROPPED_NO_IMAGE","0","0","https://epson.com/Accessories/Projector-Accessories/DC-06-Document-Camera-%28PC-Mac%29/p/V12H321005"
"scanner","Epson","2-Year Extended Warranty - Document Camera","DROPPED_NO_IMAGE","0","0","https://epson.com/Accessories/Projector-Accessories/2-Year-Extended-Warranty---Document-Camera/p/EPPELPDC10"
"scanner","Epson","Epson Perfection V19 Scanner - Certified ReNew","DROPPED_NO_IMAGE","0","0","https://epson.com/Certified-ReNew/Scanners/Epson-Perfection-V19-Scanner---Certified-ReNew/p/B11B231201-N"
"scanner","Epson","Epson Perfection V550 Photo Color Scanner - Certified ReNew","DROPPED_NO_IMAGE","0","0","https://epson.com/Certified-ReNew/Scanners/Epson-Perfection-V550-Photo-Color-Scanner---Certified-ReNew/p/B11B210201-N"
"scanner","Epson","Epson Perfection V37 Scanner - Certified ReNew","DROPPED_NO_IMAGE","0","0","https://epson.com/Certified-ReNew/Scanners/Epson-Perfection-V37-Scanner---Certified-ReNew/p/B11B207201-N"
"scanner","Epson","Epson Perfection V33 Scanner - Certified ReNew","DROPPED_NO_IMAGE","0","0","https://epson.com/Certified-ReNew/Scanners/Epson-Perfection-V33-Scanner---Certified-ReNew/p/B11B200201-N"
"scanner","Epson","Epson Perfection V700 Photo - Certified ReNew","DROPPED_NO_IMAGE","0","0","https://epson.com/Certified-ReNew/Scanners/Epson-Perfection-V700-Photo---Certified-ReNew/p/B11B178011-N"
"scanner","Epson","Epson Perfection V370 Photo Scanner","DROPPED_NO_IMAGE","0","0","https://epson.com/Certified-ReNew/Scanners/Epson-Perfection-V370-Photo-Scanner/p/B11B207221"
"scanner","Epson","Epson Perfection V850 Pro Photo Scanner - Certified ReNew","DROPPED_NO_IMAGE","0","0","https://epson.com/Certified-ReNew/Scanners/Epson-Perfection-V850-Pro-Photo-Scanner---Certified-ReNew/p/B11B224201-N"
"scanner","Epson","Epson Perfection V800 Photo Color Scanner - Certified ReNew","DROPPED_NO_IMAGE","0","0","https://epson.com/Certified-ReNew/Scanners/Epson-Perfection-V800-Photo-Color-Scanner---Certified-ReNew/p/B11B223201-N"
"scanner","Epson","Epson Perfection V370 Photo Scanner - Certified ReNew","DROPPED_NO_IMAGE","0","0","https://epson.com/Certified-ReNew/Scanners/Epson-Perfection-V370-Photo-Scanner---Certified-ReNew/p/B11B207221-N"
"scanner","Epson","Epson Perfection V600 Photo Scanner","DROPPED_NO_IMAGE","1","0","https://epson.com/For-Home/Scanners/Photo-Scanners/Epson-Perfection-V600-Photo-Scanner/p/B11B198011"
"scanner","Epson","Epson Perfection V39 Scanner - Certified ReNew","DROPPED_NO_IMAGE","0","0","https://epson.com/Certified-ReNew/Scanners/Epson-Perfection-V39-Scanner---Certified-ReNew/p/B11B232201-N"
"scanner","Epson","M831 Inkjet Document Printer for Airline Passenger Manifests and Forms","DROPPED_NO_IMAGE","0","0","https://epson.com/For-Work/POS-System-Devices/POS-Printers/M831-Inkjet-Document-Printer-for-Airline-Passenger-Manifests-and-Forms/p/C11CC69121"
"scanner","Epson","Epson WorkForce DS-30 Portable Scanner - Certified ReNew","DROPPED_NO_IMAGE","0","0","https://epson.com/Certified-ReNew/Scanners/Epson-WorkForce-DS-30-Portable-Scanner---Certified-ReNew/p/B11B206201-N"
"scanner","Epson","Epson WorkForce DS-40 Color Portable Scanner - Certified ReNew","DROPPED_NO_IMAGE","0","0","https://epson.com/Certified-ReNew/Scanners/Epson-WorkForce-DS-40-Color-Portable-Scanner---Certified-ReNew/p/B11B225201-N"
"scanner","Epson","Epson WorkForce DS-560 Wireless Color Document Scanner - Certified ReNew","DROPPED_NO_IMAGE","0","0","https://epson.com/Certified-ReNew/Scanners/Epson-WorkForce-DS-560-Wireless-Color-Document-Scanner---Certified-ReNew/p/B11B221201-N"
"scanner","Epson","Epson WorkForce DS-6500 Color Document Scanner - Certified ReNew","DROPPED_NO_IMAGE","0","0","https://epson.com/Certified-ReNew/Scanners/Epson-WorkForce-DS-6500-Color-Document-Scanner---Certified-ReNew/p/B11B205221-N"
"scanner","Epson","Epson WorkForce Pro GT-S85 Color Document Scanner - Certified ReNew","DROPPED_NO_IMAGE","0","0","https://epson.com/Certified-ReNew/Scanners/Epson-WorkForce-Pro-GT-S85-Color-Document-Scanner---Certified-ReNew/p/B11B203201-N"
"scanner","Epson","Epson WorkForce DS-520 Color Document Scanner - Certified ReNew","DROPPED_NO_IMAGE","0","0","https://epson.com/Certified-ReNew/Scanners/Epson-WorkForce-DS-520-Color-Document-Scanner---Certified-ReNew/p/B11B234201-N"
"scanner","Epson","Epson WorkForce DS-7500 Color Document Scanner - Certified ReNew","DROPPED_NO_IMAGE","0","0","https://epson.com/Certified-ReNew/Scanners/Epson-WorkForce-DS-7500-Color-Document-Scanner---Certified-ReNew/p/B11B205321-N"
"scanner","Epson","Epson WorkForce Pro GT-S55 Colour Document Scanner - Certified ReNew","DROPPED_NO_IMAGE","0","0","https://epson.com/Certified-ReNew/Scanners/Epson-WorkForce-Pro-GT-S55-Colour-Document-Scanner---Certified-ReNew/p/B11B202201-N"
"scanner","Epson","Epson WorkForce DS-510 Color Document Scanner - Certified ReNew","DROPPED_NO_IMAGE","0","0","https://epson.com/Certified-ReNew/Scanners/Epson-WorkForce-DS-510-Color-Document-Scanner---Certified-ReNew/p/B11B209201-N"
"scanner","Epson","Epson WorkForce DS-860 Color Document Scanner - Certified ReNew","DROPPED_NO_IMAGE","0","0","https://epson.com/Certified-ReNew/Scanners/Epson-WorkForce-DS-860-Color-Document-Scanner---Certified-ReNew/p/B11B222201-N"
"scanner","Epson","CaptureOne (TM-S1000) Single-Feed Check Scanner","DROPPED_NO_IMAGE","0","0","https://epson.com/For-Work/Scanners/Check-Scanners/CaptureOne-%28TM-S1000%29-Single-Feed-Check-Scanner/p/A41A266511"
"scanner","Epson","Epson WorkForce DS-50000 Color Document Scanner - Certified ReNew","DROPPED_NO_IMAGE","0","0","https://epson.com/Certified-ReNew/Scanners/Epson-WorkForce-DS-50000-Color-Document-Scanner---Certified-ReNew/p/B11B204121-N"
"scanner","Epson","","NO_VALID_PRODUCT_FOUND","0","0",""
"scanner","Brother","","NO_VALID_PRODUCT_FOUND","0","0",""
"scanner","Ricoh/PFU","","NO_VALID_PRODUCT_FOUND","0","0",""
"scanner","Kodak Alaris","","NO_VALID_PRODUCT_FOUND","0","0",""
"ram","Kingston","","NO_VALID_PRODUCT_FOUND","0","0",""
"ram","Crucial","LPCAMM2 memory","DROPPED_SPECS","0","5","https://www.crucial.com/catalog/memory/lpcamm2"
"ram","Crucial","Server memory","DROPPED_SPECS","0","5","https://www.crucial.com/catalog/memory/server"
"ram","Crucial","DDR4 RAM for Mac","DROPPED_SPECS","0","5","https://www.crucial.com/catalog/memory/ddr4-mac"
"ram","Crucial","DDR4 desktop RAM","DROPPED_SPECS","0","5","https://www.crucial.com/catalog/memory/ddr4-desktop"
"ram","Crucial","Crucial Pro DDR5 and DDR4 upgrades","DROPPED_SPECS","0","5","https://www.crucial.com/catalog/memory/crucial-pro-memory"
"ram","Crucial","DDR5 laptop RAM","DROPPED_SPECS","0","5","https://www.crucial.com/catalog/memory/ddr5-laptop"
"ram","Crucial","DDR4 RAM","DROPPED_SPECS","0","5","https://www.crucial.com/catalog/memory/ddr4"
"ram","Crucial","DDR5 desktop RAM","DROPPED_SPECS","0","5","https://www.crucial.com/catalog/memory/ddr5-desktop"
"ram","Crucial","DDR4 Server","DROPPED_SPECS","0","5","https://www.crucial.com/catalog/memory/server-ddr4"
"ram","Crucial","DDR5 RAM","DROPPED_NO_IMAGE","0","0","https://www.crucial.com/catalog/memory/ddr5"
"ram","Crucial","","NO_VALID_PRODUCT_FOUND","0","0",""
"ram","Corsair","","NO_VALID_PRODUCT_FOUND","0","0",""
"ram","G.Skill","G.SKILL Achieves DDR5 Memory Frequency Overclock World Record at DDR5-12872 with French Overclocker bl4ckdot","DROPPED_SPECS","0","5","https://www.gskill.com/community/1502239313/1752550526/G.SKILL-Achieves-DDR5-Memory-Frequency-Overclock-World-Record-at-DDR5-12872-with-French-Overclocker-bl4ckdot"
"ram","G.Skill","Desktop Memory (U-DIMM/CU-DIMM) Ripjaws 4","DROPPED_SPECS","0","2","https://www.gskill.com/products/1/165/172/Ripjaws-4"
"ram","G.Skill","Laptop/Notebook Memory Ripjaws DDR5 SO-DIMM","DROPPED_SPECS","0","2","https://www.gskill.com/products/1/2/384/Ripjaws-DDR5-SO-DIMM"
"ram","G.Skill","Laptop/Notebook Memory Ripjaws DDR3 SO-DIMM","DROPPED_SPECS","0","2","https://www.gskill.com/products/1/2/159/Ripjaws-DDR3-SO-DIMM"
"ram","G.Skill","Mouse Pad RIPJAWS MP880","DROPPED_SPECS","0","2","https://www.gskill.com/products/1/15/189/RIPJAWS-MP880"
"ram","G.Skill","Desktop Memory (U-DIMM/CU-DIMM) Trident Z5 CK (DDR5/Intel XMP)","DROPPED_SPECS","0","2","https://www.gskill.com/products/1/165/434/Trident-Z5-CK-DDR5-Intel-XMP"
"ram","G.Skill","Desktop Memory (U-DIMM/CU-DIMM) TridentX","DROPPED_SPECS","0","2","https://www.gskill.com/products/1/165/173/TridentX"
"ram","G.Skill","Desktop Memory (U-DIMM/CU-DIMM) Trident","DROPPED_SPECS","0","2","https://www.gskill.com/products/1/165/183/Trident"
"ram","G.Skill","G.SKILL Trident Z5 DDR5 Memory and WigiDash Receives European Hardware Awards 2025","DROPPED_SPECS","0","5","https://www.gskill.com/community/1502239313/1752478949/G.SKILL-Trident-Z5-DDR5-Memory-and-WigiDash-Receives-European-Hardware-Awards-2025"
"ram","G.Skill","G.SKILL Showcases Upcoming DDR5 Memory, Hosts LN2 Overclocking Events, and PC Mod Systems at Computex 2025","DROPPED_SPECS","0","5","https://www.gskill.com/community/1502239313/1746612813/G.SKILL-Showcases-Upcoming-DDR5-Memory-Hosts-LN2-Overclocking-Events-and-PC-Mod-Systems-at-Computex-2025"
"ram","G.Skill","Desktop Memory (U-DIMM/CU-DIMM) Aegis 5 (DDR5/Intel XMP & AMD EXPO)","DROPPED_SPECS","0","2","https://www.gskill.com/products/1/165/440/Aegis-5-DDR5-Intel-XMP-AMD-EXPO"
"ram","G.Skill","G.SKILL CAMM2 DDR5 Memory Module Demonstrates DDR5-10000 Overclock Speed on ASUS Z890 Motherboard","DROPPED_SPECS","0","5","https://www.gskill.com/community/1502239313/1751444655/G.SKILL-CAMM2-DDR5-Memory-Module-Demonstrates-DDR5-10000-Overclock-Speed-on-ASUS-Z890-Motherboard"
"ram","G.Skill","Desktop Memory (U-DIMM/CU-DIMM) Trident Z Royal Elite","DROPPED_SPECS","0","2","https://www.gskill.com/products/1/165/362/Trident-Z-Royal-Elite"
"ram","G.Skill","Desktop Memory (U-DIMM/CU-DIMM) Trident Z RGB (For AMD)","DROPPED_SPECS","0","2","https://www.gskill.com/products/1/165/167/Trident-Z-RGB-For-AMD"
"ram","G.Skill","Accessories Trident Z Royal Display Box","DROPPED_SPECS","0","2","https://www.gskill.com/products/1/311/317/Trident-Z-Royal-Display-Box"
"ram","G.Skill","Desktop Memory (U-DIMM/CU-DIMM) Trident Z5 Neo (DDR5/AMD EXPO)","DROPPED_SPECS","0","2","https://www.gskill.com/products/1/165/393/Trident-Z5-Neo-DDR5-AMD-EXPO"
"ram","G.Skill","How to Enable XMP/EXPO (for DDR4 & DDR5)","DROPPED_SPECS","0","5","https://www.gskill.com/community/1584933243/1646893264/How-to-Enable-XMP-EXPO-for-DDR4-DDR5"
"ram","G.Skill","Desktop Memory (U-DIMM/CU-DIMM) Trident Z","DROPPED_SPECS","0","2","https://www.gskill.com/products/1/165/168/Trident-Z"
"ram","G.Skill","Desktop Memory (U-DIMM/CU-DIMM) Trident Z5 RGB (DDR5/Intel XMP)","DROPPED_SPECS","0","2","https://www.gskill.com/products/1/165/374/Trident-Z5-RGB-DDR5-Intel-XMP"
"ram","G.Skill","G.SKILL Showcases DDR5-9200 1.1V 16GBx2 High-Speed CU-DIMM Memory Kit on MSI Z890 GODLIKE Motherboard","DROPPED_SPECS","0","5","https://www.gskill.com/community/1502239313/1780050231/G.SKILL-Showcases-DDR5-9200-1.1V-16GBx2-High-Speed-CU-DIMM-Memory-Kit-on-MSI-Z890-GODLIKE-Motherboard"
"ram","G.Skill","Desktop Memory (U-DIMM/CU-DIMM) Trident Z RGB DC","DROPPED_SPECS","0","2","https://www.gskill.com/products/1/165/296/Trident-Z-RGB-DC"
"ram","G.Skill","G.SKILL DDR5 T5 Neo R-DIMM and Trident Z5 Royal Memory Wins Taiwan Excellence Award 2026","DROPPED_SPECS","0","4","https://www.gskill.com/community/1502239313/1764559159/G.SKILL-DDR5-T5-Neo-R-DIMM-and-Trident-Z5-Royal-Memory-Wins-Taiwan-Excellence-Award-2026"
"ram","G.Skill","G.SKILL Announces Availability of High-Capacity Overclocked Memory Kits, Up To DDR5-6000 256GB (64GBx4)","DROPPED_SPECS","0","5","https://www.gskill.com/community/1502239313/1752040462/G.SKILL-Announces-Availability-of-High-Capacity-Overclocked-Memory-Kits-Up-To-DDR5-6000-256GB-64GBx4"
"ram","G.Skill","Desktop Memory (U-DIMM/CU-DIMM) Trident Z5 CK RGB (DDR5/Intel XMP)","DROPPED_SPECS","0","2","https://www.gskill.com/products/1/165/437/Trident-Z5-CK-RGB-DDR5-Intel-XMP"
"ram","G.Skill","Desktop Memory (U-DIMM/CU-DIMM) Trident Z Neo (For AMD)","DROPPED_SPECS","0","2","https://www.gskill.com/products/1/165/326/Trident-Z-Neo-For-AMD"
"ram","G.Skill","Desktop Memory (U-DIMM/CU-DIMM) Trident Z5 NeoX RGB (DDR5/AMD EXPO)","DROPPED_SPECS","0","2","https://www.gskill.com/products/1/165/461/Trident-Z5-NeoX-RGB-DDR5-AMD-EXPO"
"ram","G.Skill","G.SKILL Shows Off DDR5-10934, Ultra-High Kit Capacity DDR5-6600 512GB, Low-Latency DDR5-8400 CL34, New CSO-DIMM & CAMM2 Overclocked Modules at Computex 2025","DROPPED_SPECS","0","5","https://www.gskill.com/community/1502239313/1747906035/G.SKILL-Shows-Off-DDR5-10934-Ultra-High-Kit-Capacity-DDR5-6600-512GB-Low-Latency-DDR5-8400-CL34-New-CSO-DIMM-CAMM2-Overclocked-Modules-at-Computex-2025"
"ram","G.Skill","Laptop/Notebook Memory Ripjaws DDR4 SO-DIMM","DROPPED_SPECS","0","2","https://www.gskill.com/products/1/2/197/Ripjaws-DDR4-SO-DIMM"
"ram","G.Skill","G.SKILL DDR5 R-DIMM Achieves DDR5-8400 CL38 256GB (8x32GB) Overclock with AMD Ryzen Threadripper PRO 9985WX Processor and ASUS Pro WS WRX90E-SAGE SE Motherboard","DROPPED_SPECS","0","5","https://www.gskill.com/community/1502239313/1754643652/G.SKILL-DDR5-R-DIMM-Achieves-DDR5-8400-CL38-256GB-8x32GB-Overclock-with-AMD-Ryzen-Threadripper-PRO-9985WX-Processor-and-ASUS-Pro-WS-WRX90E-SAGE-SE-Motherboard"
"ram","G.Skill","Desktop Memory (U-DIMM/CU-DIMM) Ripjaws","DROPPED_SPECS","0","2","https://www.gskill.com/products/1/165/175/Ripjaws"
"ram","G.Skill","SSD Ripjaws S3","DROPPED_SPECS","0","2","https://www.gskill.com/products/1/9/22/Ripjaws-S3"
"ram","G.Skill","Desktop Memory (U-DIMM/CU-DIMM) Ripjaws M5 RGB (DDR5/Intel XMP)","DROPPED_SPECS","0","2","https://www.gskill.com/products/1/165/421/Ripjaws-M5-RGB-DDR5-Intel-XMP"
"ram","G.Skill","Desktop Memory (U-DIMM/CU-DIMM) Flare X5 (DDR5/AMD EXPO)","DROPPED_SPECS","0","2","https://www.gskill.com/products/1/165/396/Flare-X5-DDR5-AMD-EXPO"
"ram","G.Skill","G.SKILL Showcases DDR5-8400 CL44 128GB (2x64GB) High-Speed, Large-Capacity Overclocked Memory","DROPPED_SPECS","0","4","https://www.gskill.com/community/1502239313/1746178905/G.SKILL-Showcases-DDR5-8400-CL44-128GB-2x64GB-High-Speed-Large-Capacity-Overclocked-Memory"
"ram","G.Skill","Desktop Memory (U-DIMM/CU-DIMM) Ripjaws V","DROPPED_SPECS","0","1","https://www.gskill.com/products/1/165/184/Ripjaws-V"
"ram","G.Skill","G.SKILL DDR5 Memory Kits Confirmed as Intel XMP 3.0 'Ready' for Intel Core Ultra 200S Plus Series Processors","DROPPED_SPECS","0","4","https://www.gskill.com/community/1502239313/1774341394/G.SKILL-DDR5-Memory-Kits-Confirmed-as-Intel-XMP-3.0-Ready-for-Intel-Core-Ultra-200S-Plus-Series-Processors"
"ram","G.Skill","G.SKILL Demos Overclocked DDR5-10000 512GB (64GBx8) R-DIMM, DDR5-8000 128GBx2 4R CU-DIMM, Extreme Overclocked DDR5-10933 24GBx2 U-DIMM, 64GBx4 ECC CU-DIMM, and High Capacity DDR5-8800 96GBx8 1.1V R-DIMM at Computex 2026","DROPPED_SPECS","0","5","https://www.gskill.com/community/1502239313/1781075381/G.SKILL-Demos-Overclocked-DDR5-10000-512GB-64GBx8-R-DIMM-DDR5-8000-128GBx2-4R-CU-DIMM-Extreme-Overclocked-DDR5-10933-24GBx2-U-DIMM-64GBx4-ECC-CU-DIMM-and-High-Capacity-DDR5-8800-96GBx8-1.1V-R-DIMM-at-Computex-2026"
"ram","G.Skill","Desktop Memory (U-DIMM/CU-DIMM) Ripjaws S5 (DDR5/Intel XMP)","DROPPED_SPECS","0","2","https://www.gskill.com/products/1/165/377/Ripjaws-S5-DDR5-Intel-XMP"
"ram","G.Skill","Desktop Memory (U-DIMM/CU-DIMM) Ripjaws M5 Neo RGB (DDR5/AMD EXPO)","DROPPED_SPECS","0","2","https://www.gskill.com/products/1/165/428/Ripjaws-M5-Neo-RGB-DDR5-AMD-EXPO"
"ram","G.Skill","G.SKILL Unveils Enhanced DDR5 R-DIMM with 16-Layer PCB and Voltage Protection","DROPPED_SPECS","0","3","https://www.gskill.com/community/1502239313/1740132194/G.SKILL-Unveils-Enhanced-DDR5-R-DIMM-with-16-Layer-PCB-and-Voltage-Protection"
"ram","G.Skill","Desktop Memory (U-DIMM/CU-DIMM) Trident Z RGB","DROPPED_SPECS","0","2","https://www.gskill.com/products/1/165/166/Trident-Z-RGB"
"ram","G.Skill","G.SKILL Trident Z5 RGB DDR5 Memory Receives European Hardware Awards 2026","DROPPED_SPECS","0","5","https://www.gskill.com/community/1502239313/1784104767/G.SKILL-Trident-Z5-RGB-DDR5-Memory-Receives-European-Hardware-Awards-2026"
"ram","G.Skill","Desktop Memory (U-DIMM/CU-DIMM) Trident Z5 Royal Neo (DDR5/AMD EXPO)","DROPPED_SPECS","0","2","https://www.gskill.com/products/1/165/425/Trident-Z5-Royal-Neo-DDR5-AMD-EXPO"
"ram","G.Skill","Desktop Memory (U-DIMM/CU-DIMM) RipjawsX","DROPPED_SPECS","0","2","https://www.gskill.com/products/1/165/176/RipjawsX"
"ram","G.Skill","G.SKILL Demos Trident Z5 NeoX RGB Series DDR5 with AMD EXPO™ Technology: Featuring Ultra Low Latency at Computex 2026","DROPPED_SPECS","0","5","https://www.gskill.com/community/1502239313/1781085277/G.SKILL-Demos-Trident-Z5-NeoX-RGB-Series-DDR5-with-AMD-EXPO-Technology:-Featuring-Ultra-Low-Latency-at-Computex-2026-"
"ram","G.Skill","Desktop Memory (U-DIMM/CU-DIMM) Trident Z5 (DDR5/Intel XMP)","DROPPED_SPECS","0","2","https://www.gskill.com/products/1/165/371/Trident-Z5-DDR5-Intel-XMP"
"ram","G.Skill","Desktop Memory (U-DIMM/CU-DIMM) Trident Z5 Royal (DDR5/Intel XMP)","DROPPED_SPECS","0","2","https://www.gskill.com/products/1/165/418/Trident-Z5-Royal-DDR5-Intel-XMP"
"ram","G.Skill","Desktop Memory (U-DIMM/CU-DIMM) Trident Z Royal Collector Edition","DROPPED_SPECS","0","2","https://www.gskill.com/products/1/165/320/Trident-Z-Royal-Collector-Edition"
"ram","G.Skill","Desktop Memory (U-DIMM/CU-DIMM) Trident Z5 Neo RGB (DDR5/AMD EXPO)","DROPPED_SPECS","0","2","https://www.gskill.com/products/1/165/390/Trident-Z5-Neo-RGB-DDR5-AMD-EXPO"
"ram","G.Skill","Mouse Pad RIPJAWS MP780","DROPPED_SPECS","0","2","https://www.gskill.com/products/1/15/191/RIPJAWS-MP780"
"ram","G.Skill","G.SKILL Announces T5 Neo Series DDR5-6400 CL38 512GB (64GBx8) Overclocked R-DIMM Memory Kit with AMD EXPO Support for AMD Ryzen Threadripper PRO Workstations","DROPPED_SPECS","0","5","https://www.gskill.com/community/1502239313/1753329748/G.SKILL-Announces-T5-Neo-Series-DDR5-6400-CL38-512GB-64GBx8-Overclocked-R-DIMM-Memory-Kit-with-AMD-EXPO-Support-for-AMD-Ryzen-Threadripper-PRO-Workstations"
"ram","G.Skill","Desktop Memory (U-DIMM/CU-DIMM) RipjawsZ","DROPPED_SPECS","0","2","https://www.gskill.com/products/1/165/174/RipjawsZ"
"ram","G.Skill","Desktop Memory (U-DIMM/CU-DIMM) Trident Z Royal","DROPPED_SPECS","0","2","https://www.gskill.com/products/1/165/299/Trident-Z-Royal"
"ram","G.Skill","G.SKILL Launches Trident Z5 CK Series Overclocked DDR5 CU-DIMM with Clock Driver, Up To DDR5-9600","DROPPED_SPECS","0","5","https://www.gskill.com/community/1502239313/1729780883/G.SKILL-Launches-Trident-Z5-CK-Series-Overclocked-DDR5-CU-DIMM-with-Clock-Driver-Up-To-DDR5-9600"
"ram","G.Skill","G.SKILL and ASUS Breaks DDR5 Memory Frequency Overclock World Record at DDR5-13322 with German Overclocker CENS","DROPPED_SPECS","0","4","https://www.gskill.com/community/1502239313/1763457766/G.SKILL-and-ASUS-Breaks-DDR5-Memory-Frequency-Overclock-World-Record-at-DDR5-13322-with-German-Overclocker-CENS"
"ram","G.Skill","Introductory Guide to DDR5 DRAM Memory","DROPPED_SPECS","0","5","https://www.gskill.com/community/1584933243/1654161761/Introductory-Guide-to-DDR5-DRAM-Memory"
"ram","G.Skill","桌上型記憶體 (U-DIMM/CU-DIMM) Trident Z RGB DC 幻光戟 DC","DROPPED_SPECS","0","2","https://www.gskill.com/tw/products/1/203/297/Trident-Z-RGB-DC-%E5%B9%BB%E5%85%89%E6%88%9F-DC"
"ram","G.Skill","Desktop Memory (U-DIMM/CU-DIMM) Ripjaws V","DROPPED_SPECS","0","1","https://www.gskill.com/products/8/165/184/Ripjaws-V"
"ram","G.Skill","桌上型記憶體 (U-DIMM/CU-DIMM) Trident","DROPPED_SPECS","0","2","https://www.gskill.com/tw/products/1/203/243/Trident"
"ram","G.Skill","Desktop Memory (U-DIMM/CU-DIMM) Trident Z Neo (For AMD)","DROPPED_SPECS","0","2","https://www.gskill.com/products/8/165/326/Trident-Z-Neo-For-AMD"
"ram","G.Skill","Desktop Memory (U-DIMM/CU-DIMM) Trident Z RGB","DROPPED_SPECS","0","2","https://www.gskill.com/products/8/165/166/Trident-Z-RGB"
"ram","G.Skill","台式机内存 (U-DIMM/CU-DIMM) Ripjaws V","DROPPED_NO_IMAGE","0","0","https://www.gskill.com/cn/products/1/204/218/Ripjaws-V"
"ram","G.Skill","滑鼠墊 RIPJAWS MP780","DROPPED_SPECS","0","2","https://www.gskill.com/tw/products/1/99/192/RIPJAWS-MP780"
"ram","G.Skill","鼠标垫 RIPJAWS MP780","DROPPED_SPECS","0","1","https://www.gskill.com/cn/products/1/260/286/RIPJAWS-MP780"
"ram","G.Skill","G.SKILL Releases DDR5 Memory Support List for Intel® 200S Boost","DROPPED_SPECS","0","3","https://www.gskill.com/community/1502239313/1745392147/G.SKILL-Releases-DDR5-Memory-Support-List-for-Intel-200S-Boost"
"ram","G.Skill","Desktop Memory (U-DIMM/CU-DIMM) Trident Z5 RGB (DDR5/Intel XMP)","DROPPED_SPECS","0","2","https://www.gskill.com/products/9/165/374/Trident-Z5-RGB-DDR5-Intel-XMP"
"ram","G.Skill","台式机内存 (U-DIMM/CU-DIMM) Trident Z Royal Elite 皇家戟 - 尊爵版","DROPPED_SPECS","0","1","https://www.gskill.com/cn/products/1/204/364/Trident-Z-Royal-Elite-%E7%9A%87%E5%AE%B6%E6%88%9F-%E5%B0%8A%E7%88%B5%E7%89%88"
"ram","G.Skill","台式机内存 (U-DIMM/CU-DIMM) Trident Z Royal 皇家戟","DROPPED_SPECS","0","1","https://www.gskill.com/cn/products/1/204/301/Trident-Z-Royal-%E7%9A%87%E5%AE%B6%E6%88%9F"
"ram","G.Skill","桌上型記憶體 (U-DIMM/CU-DIMM) Trident Z5 RGB 幻鋒戟 (DDR5/Intel XMP)","DROPPED_SPECS","0","2","https://www.gskill.com/tw/products/1/203/375/Trident-Z5-RGB-%E5%B9%BB%E9%8B%92%E6%88%9F-DDR5-Intel-XMP"
"ram","G.Skill","Laptop/Notebook Memory Ripjaws DDR4 SO-DIMM","DROPPED_SPECS","0","2","https://www.gskill.com/products/7/2/197/Ripjaws-DDR4-SO-DIMM"
"ram","G.Skill","Desktop Memory (U-DIMM/CU-DIMM) Ripjaws S5 (DDR5/Intel XMP)","DROPPED_SPECS","0","2","https://www.gskill.com/products/3/165/377/Ripjaws-S5-DDR5-Intel-XMP"
"ram","G.Skill","Desktop Memory (U-DIMM/CU-DIMM) TridentX","DROPPED_SPECS","0","2","https://www.gskill.com/products/5/165/173/TridentX"
"ram","G.Skill","Desktop Memory (U-DIMM/CU-DIMM) Trident Z RGB (For AMD)","DROPPED_SPECS","0","2","https://www.gskill.com/products/2/165/167/Trident-Z-RGB-For-AMD"
"ram","G.Skill","Desktop Memory (U-DIMM/CU-DIMM) RipjawsX","DROPPED_SPECS","0","2","https://www.gskill.com/products/2/165/176/RipjawsX"
"ram","G.Skill","Desktop Memory (U-DIMM/CU-DIMM) TridentX","DROPPED_SPECS","0","2","https://www.gskill.com/products/2/165/173/TridentX"
"ram","G.Skill","","NO_VALID_PRODUCT_FOUND","0","0",""
"ram","TeamGroup","Memory","ACCEPTED","6","5","https://www.teamgroupinc.com/en/product-category/memory/"
"ram","TeamGroup","Gaming Memory Modules","ACCEPTED","6","5","https://www.teamgroupinc.com/en/product-brand/memory/T-FORCE/"
"ram","TeamGroup","Memory for Creator","ACCEPTED","6","5","https://www.teamgroupinc.com/en/product-brand/memory/T-CREATE/"
"ram","TeamGroup","Memory Modules","ACCEPTED","6","5","https://www.teamgroupinc.com/en/product-brand/memory/TEAMGROUP/"
"ram","TeamGroup","Desktop Memory","ACCEPTED","6","5","https://www.teamgroupinc.com/en/product-category/memory/desktop/"
"ram","TeamGroup","Laptop Memory","ACCEPTED","6","5","https://www.teamgroupinc.com/en/product-category/memory/laptop/"
"ram","TeamGroup","Workstation Memory","ACCEPTED","6","5","https://www.teamgroupinc.com/en/product-category/memory/workstation/"
"ram","TeamGroup","Compare Products","ACCEPTED","10","5","https://www.teamgroupinc.com/en/product/compare/memory/"
"mainboard","ASUS","ASUS Prime MR120 ARGB Reverse Fan - Triple Pack - Avis｜Refroidissement｜ASUS Afrique","DROPPED_NO_IMAGE","6","0","https://www.asus.com/africa-fr/motherboards-components/cooling/prime/asus-prime-mr120-argb-reverse-fan-triple-pack/review/"
"mainboard","ASUS","PRIME-RTX5070TI-16G - Avis｜Cartes graphiques｜ASUS Afrique","DROPPED_NO_IMAGE","6","0","https://www.asus.com/africa-fr/motherboards-components/graphics-cards/prime/prime-rtx5070ti-16g/review/"
"mainboard","ASUS","TUF Gaming TF120 ARGB Fan - Triple Fan Kit with ARGB Controller - Avis｜Refroidissement｜ASUS Afrique","DROPPED_NO_IMAGE","6","0","https://www.asus.com/africa-fr/motherboards-components/cooling/tuf-gaming/tuf-gaming-tf120-argb-fan-triple-fan-kit-with-argb-controller/review/"
"mainboard","ASUS","TUF GAMING B850M-PLUS - Avis｜Cartes mères｜ASUS Afrique","DROPPED_NO_IMAGE","6","0","https://www.asus.com/africa-fr/motherboards-components/motherboards/tuf-gaming/tuf-gaming-b850m-plus/review/"
"mainboard","ASUS","PRIME A320M-K - Avis｜Cartes mères｜ASUS Afrique","DROPPED_NO_IMAGE","6","0","https://www.asus.com/africa-fr/motherboards-components/motherboards/prime/prime-a320m-k/review/"
"mainboard","ASUS","DUAL-GTX1650-4GD6-MINI - Avis｜Cartes graphiques｜ASUS Afrique","DROPPED_NO_IMAGE","6","0","https://www.asus.com/africa-fr/motherboards-components/graphics-cards/dual-mini/dual-gtx1650-4gd6-mini/review/"
"mainboard","ASUS","PRIME Z890-P WIFI - Avis｜Cartes mères｜ASUS Afrique","DROPPED_NO_IMAGE","6","0","https://www.asus.com/africa-fr/motherboards-components/motherboards/prime/prime-z890-p-wifi/review/"
"mainboard","ASUS","ASUS Prime MR120 ARGB Fan - Triple Pack - Avis｜Refroidissement｜ASUS Afrique","DROPPED_NO_IMAGE","6","0","https://www.asus.com/africa-fr/motherboards-components/cooling/prime/asus-prime-mr120-argb-fan-triple-pack/review/"
"mainboard","ASUS","DUAL-GTX1660-O6G-EVO - Avis｜Cartes graphiques｜ASUS Afrique","DROPPED_NO_IMAGE","6","0","https://www.asus.com/africa-fr/motherboards-components/graphics-cards/dual/dual-gtx1660-o6g-evo/review/"
"mainboard","ASUS","TUF GAMING X570-PLUS - Avis｜Cartes mères｜ASUS Afrique","DROPPED_NO_IMAGE","6","0","https://www.asus.com/africa-fr/motherboards-components/motherboards/tuf-gaming/tuf-gaming-x570-plus/review/"
"mainboard","ASUS","TUF GAMING H470-PRO - Avis｜Cartes mères｜ASUS Afrique","DROPPED_NO_IMAGE","6","0","https://www.asus.com/africa-fr/motherboards-components/motherboards/tuf-gaming/tuf-gaming-h470-pro/review/"
"mainboard","ASUS","PRIME X570-PRO&#x2F;CSM - Avis｜Cartes mères｜ASUS Afrique","DROPPED_NO_IMAGE","6","0","https://www.asus.com/africa-fr/motherboards-components/motherboards/prime/prime-x570-pro-csm/review/"
"mainboard","ASUS","USB 3.1 FRONT PANEL - Avis｜Cartes mères｜ASUS Afrique","DROPPED_NO_IMAGE","6","0","https://www.asus.com/africa-fr/motherboards-components/motherboards/accessories/usb-31-front-panel/review/"
"mainboard","ASUS","PRIME-RTX5070-O12G-WHITE - Avis｜Cartes graphiques｜ASUS Afrique","DROPPED_NO_IMAGE","6","0","https://www.asus.com/africa-fr/motherboards-components/graphics-cards/prime/prime-rtx5070-o12g-white/review/"
"mainboard","ASUS","TUF-RX9070XT-O16G-ONIMUSHA｜Cartes graphiques｜ASUS Afrique","ACCEPTED","6","5","https://www.asus.com/africa-fr/motherboards-components/graphics-cards/tuf-gaming/tuf-rx9070xt-o16g-onimusha/"
"mainboard","ASUS","DUAL-GTX1660S-O6G-EVO - Avis｜Cartes graphiques｜ASUS Afrique","DROPPED_NO_IMAGE","6","0","https://www.asus.com/africa-fr/motherboards-components/graphics-cards/dual/dual-gtx1660s-o6g-evo/review/"
"mainboard","ASUS","PRIME X299-DELUXE II - Avis｜Cartes mères｜ASUS Afrique","DROPPED_NO_IMAGE","6","0","https://www.asus.com/africa-fr/motherboards-components/motherboards/prime/prime-x299-deluxe-ii/review/"
"mainboard","ASUS","PRIME B650M-A WIFI II - Avis｜Cartes mères｜ASUS Afrique","DROPPED_NO_IMAGE","6","0","https://www.asus.com/africa-fr/motherboards-components/motherboards/prime/prime-b650m-a-wifi-ii/review/"
"mainboard","ASUS","PRIME Z890M-PLUS WIFI - Avis｜Cartes mères｜ASUS Afrique","DROPPED_NO_IMAGE","6","0","https://www.asus.com/africa-fr/motherboards-components/motherboards/prime/prime-z890m-plus-wifi/review/"
"mainboard","ASUS","TUF GAMING B650M-PLUS - Avis｜Cartes mères｜ASUS Afrique","DROPPED_NO_IMAGE","6","0","https://www.asus.com/africa-fr/motherboards-components/motherboards/tuf-gaming/tuf-gaming-b650m-plus/review/"
"mainboard","ASUS","TUF GAMING Z690-PLUS WIFI D4 - Avis｜Cartes mères｜ASUS Afrique","DROPPED_NO_IMAGE","6","0","https://www.asus.com/africa-fr/motherboards-components/motherboards/tuf-gaming/tuf-gaming-z690-plus-wifi-d4/review/"
"mainboard","ASUS","PRIME B760M-K D4","ACCEPTED","6","5","https://www.asus.com/africa-fr/motherboards-components/motherboards/prime/prime-b760m-k-d4/"
"mainboard","ASUS","PRIME B760M-K D4 - Avis｜Cartes mères｜ASUS Afrique","DROPPED_NO_IMAGE","6","0","https://www.asus.com/africa-fr/motherboards-components/motherboards/prime/prime-b760m-k-d4/review/"
"mainboard","MSI","","NO_VALID_PRODUCT_FOUND","0","0",""
"mainboard","GIGABYTE","","NO_VALID_PRODUCT_FOUND","0","0",""
"mainboard","ASRock","USER SHARES","DROPPED_SPECS","0","5","https://event.asrock.com/2025/CoreExperience/USER-X870%20Nova%20WiFi.asp"
"mainboard","ASRock","ASRock","ACCEPTED","10","5","https://www.asrock.com/MB/AMD/B850%20Challenger%20WiFi/"
"mainboard","ASRock","ASRock","ACCEPTED","10","5","https://www.asrock.com/MB/AMD/B850%20Challenger%20WiFi%20White/"
"mainboard","ASRock","ASRock","ACCEPTED","10","5","https://www.asrock.com/MB/AMD/B850%20LiveMixer%20WiFi/"
"mainboard","ASRock","ASRock","ACCEPTED","10","5","https://www.asrock.com/MB/AMD/B850%20Pro%20RS/"
"mainboard","ASRock","ASRock","ACCEPTED","10","5","https://www.asrock.com/MB/AMD/B850%20Pro%20RS%20WiFi/"
"mainboard","ASRock","ASRock","ACCEPTED","10","5","https://www.asrock.com/MB/AMD/B850%20Pro-A/"
"mainboard","ASRock","ASRock","ACCEPTED","9","5","https://www.asrock.com/MB/AMD/B850%20Pro-A%20WiFi/"
"mainboard","ASRock","ASRock","ACCEPTED","10","5","https://www.asrock.com/MB/AMD/B850%20Rock%20WiFi%207/"
"mainboard","BIOSTAR","","NO_VALID_PRODUCT_FOUND","0","0",""
"cpu","Intel","","NO_VALID_PRODUCT_FOUND","0","0",""
"cpu","AMD","","NO_VALID_PRODUCT_FOUND","0","0",""
"ssd","Samsung","","NO_VALID_PRODUCT_FOUND","0","0",""
"ssd","Kingston","","NO_VALID_PRODUCT_FOUND","0","0",""
"ssd","Crucial","NVMe SSDs","DROPPED_SPECS","0","5","https://www.crucial.com/catalog/ssd/nvme"
"ssd","Crucial","500GB NVMe SSDs","DROPPED_SPECS","0","5","https://www.crucial.com/catalog/ssd/nvme/500-gb"
"ssd","Crucial","1TB NVMe SSDs","DROPPED_SPECS","0","5","https://www.crucial.com/catalog/ssd/nvme/1-tb"
"ssd","Crucial","4TB NVMe SSDs","DROPPED_SPECS","0","5","https://www.crucial.com/catalog/ssd/nvme/4-tb"
"ssd","Crucial","Crucial T710 Giveaway","DROPPED_SPECS","0","5","https://www.crucial.com/promos/crucial-t710-heatsink-giveaway"
"ssd","Crucial","2TB NVMe SSDs","DROPPED_SPECS","0","5","https://www.crucial.com/catalog/ssd/nvme/2-tb"
"ssd","Crucial","","NO_VALID_PRODUCT_FOUND","0","0",""
"ssd","Western Digital","","NO_VALID_PRODUCT_FOUND","0","0",""
"ssd","Seagate","FireCuda 530","DROPPED_SPECS","0","5","https://www.seagate.com/products/gaming-drives/pc/firecuda-530-ssd/"
"ssd","Seagate","FireCuda gaming hard drive FAQs.","ACCEPTED","6","5","https://www.seagate.com/products/gaming-drives/pc-gaming/firecuda-gaming-external-hard-drives/"
"ssd","Seagate","FireCuda Gaming Dock","ACCEPTED","6","5","https://www.seagate.com/products/gaming-drives/pc-gaming/firecuda-gaming-dock/"
"ssd","Seagate","FireCuda gaming hub FAQs.","ACCEPTED","5","5","https://www.seagate.com/products/gaming-drives/pc-gaming/firecuda-gaming-hub/"
"ssd","Seagate","FireCuda X Vault external gaming hard drive | Seagate US","ACCEPTED","4","5","https://www.seagate.com/products/gaming-drives/pc-gaming/firecuda-x-vault-external-gaming-hard-drive/"
"ssd","Seagate","FireCuda X1070 PCIe Gen4 M.2 NVMe SSD FAQs","ACCEPTED","4","5","https://www.seagate.com/products/gaming-drives/pc-gaming/firecuda-x1070-ssd/"
"ssd","Seagate","PS5® NVMe M.2 SSD FAQs.","ACCEPTED","6","5","https://www.seagate.com/products/gaming-drives/playstation-gaming/game-drive-ps5-nvme-ssd/"
"ssd","Seagate","FireCuda SSD","DROPPED_SPECS","0","5","https://www.seagate.com/products/internal-hard-drives/internal-hard-drives/firecuda-solid-state-hybrid-drive--sshd-/"
"ssd","Seagate","BarraCuda NVMe and SATA SSD | Seagate US","DROPPED_SPECS","0","5","https://www.seagate.com/products/internal-hard-drives/barracuda-nvme-and-sata-ssd/"
"ssd","Seagate","FireCuda SSHD","DROPPED_SPECS","0","5","https://www.seagate.com/products/internal-hard-drives/firecuda-solid-state-drive--ssd-/"
"ssd","Seagate","Seagate Nytro 4350 NVMe SSD | Seagate US","ACCEPTED","6","5","https://www.seagate.com/products/enterprise-drives/nytro/nytro-4350-nvme-ssd/"
"ssd","Seagate","Seagate Nytro 5060 NVMe SSD | Seagate US","ACCEPTED","6","5","https://www.seagate.com/products/enterprise-drives/nytro/nytro-5060-nvme-ssd/"
"vga","ASUS","PRIME-RTX5070TI-16G - Avis｜Cartes graphiques｜ASUS Afrique","DROPPED_NO_IMAGE","6","0","https://www.asus.com/africa-fr/motherboards-components/graphics-cards/prime/prime-rtx5070ti-16g/review/"
"vga","ASUS","DUAL-GTX1650-4GD6-MINI - Avis｜Cartes graphiques｜ASUS Afrique","DROPPED_NO_IMAGE","6","0","https://www.asus.com/africa-fr/motherboards-components/graphics-cards/dual-mini/dual-gtx1650-4gd6-mini/review/"
"vga","ASUS","DUAL-GTX1660-O6G-EVO - Avis｜Cartes graphiques｜ASUS Afrique","DROPPED_NO_IMAGE","6","0","https://www.asus.com/africa-fr/motherboards-components/graphics-cards/dual/dual-gtx1660-o6g-evo/review/"
"vga","ASUS","PRIME-RTX5070-O12G-WHITE - Avis｜Cartes graphiques｜ASUS Afrique","DROPPED_NO_IMAGE","6","0","https://www.asus.com/africa-fr/motherboards-components/graphics-cards/prime/prime-rtx5070-o12g-white/review/"
"vga","ASUS","TUF-RX9070XT-O16G-ONIMUSHA｜Cartes graphiques｜ASUS Afrique","ACCEPTED","6","5","https://www.asus.com/africa-fr/motherboards-components/graphics-cards/tuf-gaming/tuf-rx9070xt-o16g-onimusha/"
"vga","ASUS","DUAL-GTX1660S-O6G-EVO - Avis｜Cartes graphiques｜ASUS Afrique","DROPPED_NO_IMAGE","6","0","https://www.asus.com/africa-fr/motherboards-components/graphics-cards/dual/dual-gtx1660s-o6g-evo/review/"
"vga","ASUS","PRIME-RTX5060TI-16G - Avis｜Cartes graphiques｜ASUS Afrique","DROPPED_NO_IMAGE","6","0","https://www.asus.com/africa-fr/motherboards-components/graphics-cards/prime/prime-rtx5060ti-16g/review/"
"vga","ASUS","GT710-SL-2GD5-BRK - Avis｜Cartes graphiques｜ASUS Afrique","DROPPED_NO_IMAGE","6","0","https://www.asus.com/africa-fr/motherboards-components/graphics-cards/asus/gt710-sl-2gd5-brk/review/"
"vga","ASUS","DUAL-RTX3070-O8G - Avis｜Cartes graphiques｜ASUS Afrique","DROPPED_NO_IMAGE","6","0","https://www.asus.com/africa-fr/motherboards-components/graphics-cards/dual/dual-rtx3070-o8g/review/"
"vga","ASUS","DUAL-RTX2070-A8G-EVO - Avis｜Cartes graphiques｜ASUS Afrique","DROPPED_NO_IMAGE","6","0","https://www.asus.com/africa-fr/motherboards-components/graphics-cards/dual/dual-rtx2070-a8g-evo/review/"
"vga","ASUS","TUF-RTX5090-O32G-GAMING - Avis｜Cartes graphiques｜ASUS Afrique","DROPPED_NO_IMAGE","6","0","https://www.asus.com/africa-fr/motherboards-components/graphics-cards/tuf-gaming/tuf-rtx5090-o32g-gaming/review/"
"vga","ASUS","ASUS Prime Radeon™ RX 9070 GRE EVO OC Edition","ACCEPTED","12","5","https://www.asus.com/africa-fr/motherboards-components/graphics-cards/prime/prime-rx9070gre-o12g-evo/"
"vga","ASUS","PH-GTX1660S-O6G - Avis｜Cartes graphiques｜ASUS Afrique","DROPPED_NO_IMAGE","6","0","https://www.asus.com/africa-fr/motherboards-components/graphics-cards/phoenix/ph-gtx1660s-o6g/review/"
"vga","ASUS","TUF-GTX1660-6G-GAMING - Avis｜Cartes graphiques｜ASUS Afrique","DROPPED_NO_IMAGE","6","0","https://www.asus.com/africa-fr/motherboards-components/graphics-cards/tuf-gaming/tuf-gtx1660-6g-gaming/review/"
"vga","ASUS","TUF-RTX5070-O12G-GAMING - Avis｜Cartes graphiques｜ASUS Afrique","DROPPED_NO_IMAGE","6","0","https://www.asus.com/africa-fr/motherboards-components/graphics-cards/tuf-gaming/tuf-rtx5070-o12g-gaming/review/"
"vga","ASUS","ProArt GeForce RTX™ 5080 16GB GDDR7 OC Edition","ACCEPTED","6","5","https://www.asus.com/africa-fr/motherboards-components/graphics-cards/proart/proart-rtx5080-o16g/"
"vga","ASUS","PROART-RTX5080-O16G - Avis｜Cartes graphiques｜ASUS Afrique","DROPPED_NO_IMAGE","6","0","https://www.asus.com/africa-fr/motherboards-components/graphics-cards/proart/proart-rtx5080-o16g/review/"
"vga","ASUS","ASUS Prime Radeon™ RX 9060 XT OC Edition 16GB GDDR6","ACCEPTED","12","5","https://www.asus.com/africa-fr/motherboards-components/graphics-cards/prime/prime-rx9060xt-o16g/"
"vga","ASUS","PRIME-RX9060XT-O16G - Avis｜Cartes graphiques｜ASUS Afrique","DROPPED_NO_IMAGE","6","0","https://www.asus.com/africa-fr/motherboards-components/graphics-cards/prime/prime-rx9060xt-o16g/review/"
"vga","ASUS","DUAL-RTX3070-8G - Avis｜Cartes graphiques｜ASUS Afrique","DROPPED_NO_IMAGE","6","0","https://www.asus.com/africa-fr/motherboards-components/graphics-cards/dual/dual-rtx3070-8g/review/"
"vga","ASUS","PH-GTX1660TI-O6G - Avis｜Cartes graphiques｜ASUS Afrique","DROPPED_NO_IMAGE","6","0","https://www.asus.com/africa-fr/motherboards-components/graphics-cards/phoenix/ph-gtx1660ti-o6g/review/"
"vga","ASUS","ASUS TUF Gaming Radeon RX 9070 OC Edition","ACCEPTED","12","5","https://www.asus.com/africa-fr/motherboards-components/graphics-cards/prime/prime-rx9070-o16g/"
"vga","ASUS","PRIME-RX9070-O16G - Avis｜Cartes graphiques｜ASUS Afrique","DROPPED_NO_IMAGE","6","0","https://www.asus.com/africa-fr/motherboards-components/graphics-cards/prime/prime-rx9070-o16g/review/"
"vga","ASUS","DUAL-RX6600XT-O8G - Avis｜Cartes graphiques｜ASUS Afrique","DROPPED_NO_IMAGE","6","0","https://www.asus.com/africa-fr/motherboards-components/graphics-cards/dual/dual-rx6600xt-o8g/review/"
"vga","ASUS","TUF3-GTX1660TI-6G-GAMING - Avis｜Cartes graphiques｜ASUS Afrique","DROPPED_NO_IMAGE","6","0","https://www.asus.com/africa-fr/motherboards-components/graphics-cards/tuf-gaming/tuf3-gtx1660ti-6g-gaming/review/"
"vga","ASUS","PH-RTX3050-8G - Avis｜Cartes graphiques｜ASUS Afrique","DROPPED_NO_IMAGE","6","0","https://www.asus.com/africa-fr/motherboards-components/graphics-cards/phoenix/ph-rtx3050-8g/review/"
"vga","ASUS","TUF-GTX1660TI-T6G-EVO-GAMING - Avis｜Cartes graphiques｜ASUS Afrique","DROPPED_NO_IMAGE","6","0","https://www.asus.com/africa-fr/motherboards-components/graphics-cards/tuf-gaming/tuf-gtx1660ti-t6g-evo-gaming/review/"
"vga","ASUS","ASUS TUF Gaming GeForce RTX™ 5060 8GB GDDR7 OC Edition","ACCEPTED","10","5","https://www.asus.com/africa-fr/motherboards-components/graphics-cards/tuf-gaming/tuf-rtx5060-o8g-gaming/"
"vga","ASUS","TUF-RTX5060-O8G-GAMING - Avis｜Cartes graphiques｜ASUS Afrique","DROPPED_NO_IMAGE","6","0","https://www.asus.com/africa-fr/motherboards-components/graphics-cards/tuf-gaming/tuf-rtx5060-o8g-gaming/review/"
"vga","ASUS","ASUS Dual GeForce RTX™ 5060 Ti 16GB GDDR7 OC Edition","DROPPED_NO_IMAGE","6","0","https://www.asus.com/africa-fr/motherboards-components/graphics-cards/dual/dual-rtx5060ti-o16g/"
"vga","ASUS","DUAL-RTX5060TI-O16G - Avis｜Cartes graphiques｜ASUS Afrique","DROPPED_NO_IMAGE","6","0","https://www.asus.com/africa-fr/motherboards-components/graphics-cards/dual/dual-rtx5060ti-o16g/review/"
"vga","MSI","","NO_VALID_PRODUCT_FOUND","0","0",""
"vga","GIGABYTE","","NO_VALID_PRODUCT_FOUND","0","0",""
"vga","ZOTAC","","NO_VALID_PRODUCT_FOUND","0","0",""
"vga","PNY","PNY Reveals microSD&#8482; Express microSD Flash Memory Cards for the Latest microSD Express Host Devices Including Nintendo Switch","DROPPED_NO_IMAGE","0","0","https://www.pny.com/company/press-center/pny-press-releases/pny-reveals-microsd-express-microsd-flash-memory-card"
"vga","PNY","NVIDIA Geforce Graphics","DROPPED_NO_IMAGE","0","0","https://www.pny.com/company/press-center/press-images/geforce-graphics-cards"
"vga","PNY","PNY Announces New Dual-Slot Slim Models for NVIDIA® GeForce RTX™ 50 Series","DROPPED_NO_IMAGE","0","0","https://www.pny.com/company/press-center/pny-press-releases/pny-announces-new-dual-slot-slim-models-for-nvidia-geforce-rtx-50-series"
"vga","PNY","PNY Unveils PRO Elite™ High Endurance microSD Flash Memory Cards for Surveillance Monitoring & Continuous Recording","DROPPED_NO_IMAGE","0","0","https://www.pny.com/company/press-center/pny-press-releases/pny-unveils-pro-elite-high-endurance-microsd-flash-memory-cards-for-surveillance-monitoring-continuous-recording"
"vga","PNY","PNY Unveils Its NVIDIA&#8239;GeForce RTX&#8482; 50 Series Graphics Card Family","DROPPED_NO_IMAGE","0","0","https://www.pny.com/company/press-center/pny-press-releases/nvidia-geforce-rtx-50-series"
"vga","PNY","PNY Unveils NVIDIA GeForce RTX™ 5060 Family of Graphics Cards - NVIDIA’s Game Changing Blackwell Architecture Comes to Core Gamers Everywhere","DROPPED_NO_IMAGE","0","0","https://www.pny.com/company/press-center/pny-press-releases/pny-unveils-geforce-rtx-5060-family"
"vga","PNY","SD Flash Memory Cards","DROPPED_NO_IMAGE","0","0","https://www.pny.com/company/press-center/press-images/flash-memory-cards"
"vga","PNY","NVIDIA PROFESSIONAL GRAPHICS","DROPPED_NO_IMAGE","0","0","https://www.pny.com/company/press-center/press-images/nvidia-professional-graphics"
"vga","PNY","PNY Technologies Brings to COMPUTEX 2026 Powerful Multi-GPU Innovation, New Liquid Cooled GeForce RTX™ 5090, and Engaging AI, Gaming, Content Creation, and Enterprise Demos","DROPPED_NO_IMAGE","0","0","https://www.pny.com/company/press-center/pny-press-releases/pny-technologies-brings-to-computex-2026-powerful-multi-gpu-innovation-new-liquid-cooled-geforce-rtx-5090-and-engaging-ai-gaming-content-creation-and-enterprise-demos"
"vga","PNY","","NO_VALID_PRODUCT_FOUND","0","0",""
"psu","Corsair","","NO_VALID_PRODUCT_FOUND","0","0",""
"psu","Seasonic","","NO_VALID_PRODUCT_FOUND","0","0",""
"psu","Cooler Master","","NO_VALID_PRODUCT_FOUND","0","0",""
"psu","Thermaltake","","NO_VALID_PRODUCT_FOUND","0","0",""
"psu","MSI","","NO_VALID_PRODUCT_FOUND","0","0",""
