category,brand,name,release_year,spec_count,image_count,official_url,status
"camera","Hikvision","","","0","0","","NO_VALID_PRODUCT_FOUND"
"camera","Dahua","","","0","0","","NO_VALID_PRODUCT_FOUND"
"camera","Imou","","","0","0","","NO_VALID_PRODUCT_FOUND"
"camera","EZVIZ","","","0","0","","NO_VALID_PRODUCT_FOUND"
"camera","TP-Link VIGI","","","0","0","","NO_VALID_PRODUCT_FOUND"
"network","Reyee","","","0","0","","NO_VALID_PRODUCT_FOUND"
"network","TP-Link Omada","","","0","0","","NO_VALID_PRODUCT_FOUND"
"network","Ubiquiti","","","0","0","","NO_VALID_PRODUCT_FOUND"
"network","MikroTik","","","0","0","","NO_VALID_PRODUCT_FOUND"
"network","HPE Aruba Networking","","","0","0","","NO_VALID_PRODUCT_FOUND"
"laptop","Dell","","","0","0","","NO_VALID_PRODUCT_FOUND"
"laptop","HP","","","0","0","","NO_VALID_PRODUCT_FOUND"
"laptop","Lenovo","","","0","0","","NO_VALID_PRODUCT_FOUND"
"laptop","ASUS","","","0","0","","NO_VALID_PRODUCT_FOUND"
"laptop","Acer","","","0","0","","NO_VALID_PRODUCT_FOUND"
"desktop","Dell","","","0","0","","NO_VALID_PRODUCT_FOUND"
"desktop","HP","","","0","0","","NO_VALID_PRODUCT_FOUND"
"desktop","Lenovo","","","0","0","","NO_VALID_PRODUCT_FOUND"
"desktop","ASUS","","","0","0","","NO_VALID_PRODUCT_FOUND"
"desktop","Acer","","","0","0","","NO_VALID_PRODUCT_FOUND"
"printer","HP","","","0","0","","NO_VALID_PRODUCT_FOUND"
"printer","Canon","","","0","0","","NO_VALID_PRODUCT_FOUND"
"printer","Epson","","","0","0","","NO_VALID_PRODUCT_FOUND"
"printer","Brother","","","0","0","","NO_VALID_PRODUCT_FOUND"
"printer","Lexmark","","","0","0","","NO_VALID_PRODUCT_FOUND"
"scanner","Canon","","","0","0","","NO_VALID_PRODUCT_FOUND"
"scanner","Epson","","","0","0","","NO_VALID_PRODUCT_FOUND"
"scanner","Brother","","","0","0","","NO_VALID_PRODUCT_FOUND"
"scanner","Ricoh/PFU","","","0","0","","NO_VALID_PRODUCT_FOUND"
"scanner","Kodak Alaris","","","0","0","","NO_VALID_PRODUCT_FOUND"
"ram","Kingston","","","0","0","","NO_VALID_PRODUCT_FOUND"
"ram","Crucial","","","0","0","","NO_VALID_PRODUCT_FOUND"
"ram","Corsair","","","0","0","","NO_VALID_PRODUCT_FOUND"
"ram","G.Skill","","","0","0","","NO_VALID_PRODUCT_FOUND"
"ram","TeamGroup","","","0","0","","NO_VALID_PRODUCT_FOUND"
"mainboard","ASUS","","","0","0","","NO_VALID_PRODUCT_FOUND"
"mainboard","MSI","","","0","0","","NO_VALID_PRODUCT_FOUND"
"mainboard","GIGABYTE","","","0","0","","NO_VALID_PRODUCT_FOUND"
"mainboard","ASRock","","","0","0","","NO_VALID_PRODUCT_FOUND"
"mainboard","BIOSTAR","","","0","0","","NO_VALID_PRODUCT_FOUND"
"cpu","Intel","","","0","0","","NO_VALID_PRODUCT_FOUND"
"cpu","AMD","","","0","0","","NO_VALID_PRODUCT_FOUND"
"ssd","Samsung","","","0","0","","NO_VALID_PRODUCT_FOUND"
"ssd","Kingston","","","0","0","","NO_VALID_PRODUCT_FOUND"
"ssd","Crucial","","","0","0","","NO_VALID_PRODUCT_FOUND"
"ssd","Western Digital","","","0","0","","NO_VALID_PRODUCT_FOUND"
"ssd","Seagate","","","0","0","","NO_VALID_PRODUCT_FOUND"
"vga","ASUS","","","0","0","","NO_VALID_PRODUCT_FOUND"
"vga","MSI","","","0","0","","NO_VALID_PRODUCT_FOUND"
"vga","GIGABYTE","","","0","0","","NO_VALID_PRODUCT_FOUND"
"vga","ZOTAC","","","0","0","","NO_VALID_PRODUCT_FOUND"
"vga","PNY","","","0","0","","NO_VALID_PRODUCT_FOUND"
"psu","Corsair","","","0","0","","NO_VALID_PRODUCT_FOUND"
"psu","Seasonic","","","0","0","","NO_VALID_PRODUCT_FOUND"
"psu","Cooler Master","","","0","0","","NO_VALID_PRODUCT_FOUND"
"psu","Thermaltake","","","0","0","","NO_VALID_PRODUCT_FOUND"
"psu","MSI","","","0","0","","NO_VALID_PRODUCT_FOUND"
