model,group,status,spec_count,image
"RG-RAP1260","Access Point","KEEP","12","media/reyee-clean/rg-rap1260/main.webp"
"RG-RAP1261","Access Point","DROP_NO_IMAGE","12","image too small"
"RG-RAP62","Access Point","KEEP","12","media/reyee-clean/rg-rap62/main.webp"
"RG-RAP2266","Access Point","KEEP","12","media/reyee-clean/rg-rap2266/main.webp"
"RG-RAP2260","Access Point","KEEP","12","media/reyee-clean/rg-rap2260/main.webp"
"RG-RAP2260(E)","Access Point","KEEP","12","media/reyee-clean/rg-rap2260-e/main.webp"
"RG-RAP2260(H)","Access Point","KEEP","12","media/reyee-clean/rg-rap2260-h/main.webp"
"RG-RAP72","Access Point","KEEP","12","media/reyee-clean/rg-rap72/main.webp"
"RG-RAP72Pro","Access Point","KEEP","12","media/reyee-clean/rg-rap72pro/main.webp"
"RG-RAP73HD","Access Point","KEEP","12","media/reyee-clean/rg-rap73hd/main.webp"
"RG-RAP6260(G)","Access Point","KEEP","12","media/reyee-clean/rg-rap6260-g/main.webp"
"RG-RAP62-OD","Access Point","DROP_NO_IMAGE","12","image too small"
"RG-RAP6260(H)","Access Point","KEEP","12","media/reyee-clean/rg-rap6260-h/main.webp"
"RG-RAP6260(H)-D","Access Point","KEEP","12","media/reyee-clean/rg-rap6260-h-d/main.webp"
"RG-RAP72Pro-OD","Access Point","DROP_NO_IMAGE","12","image too small"
"RG-NBS5300-8MG2XS-UP","Switch","DROP_INCOMPLETE","12",""
"RG-NBS5200-24GT4XS-P-V2","Switch","KEEP","11","media/reyee-clean/rg-nbs5200-24gt4xs-p-v2/main.webp"
"RG-NBS5200-48GT4XS-UP","Switch","KEEP","11","media/reyee-clean/rg-nbs5200-48gt4xs-up/main.webp"
"RG-NBS3200-24GT4XS","Switch","KEEP","7","media/reyee-clean/rg-nbs3200-24gt4xs/main.webp"
"RG-NBS3200-24GT4XS-P-V2","Switch","KEEP","10","media/reyee-clean/rg-nbs3200-24gt4xs-p-v2/main.webp"
"RG-NBS3200-48GT4XS-P-V2","Switch","KEEP","10","media/reyee-clean/rg-nbs3200-48gt4xs-p-v2/main.webp"
"RG-NBS3100-8GT2SFP-P-V2","Switch","DROP_INCOMPLETE","12",""
"RG-NBS3100-24GT4SFP-P-V2","Switch","KEEP","12","media/reyee-clean/rg-nbs3100-24gt4sfp-p-v2/main.webp"
"RG-NIS3100-8GT4SFP-HP","Switch","KEEP","11","media/reyee-clean/rg-nis3100-8gt4sfp-hp/main.webp"
"RG-NIS3100-8GT2SFP-HP","Switch","KEEP","11","media/reyee-clean/rg-nis3100-8gt2sfp-hp/main.webp"
"RG-ES205GC-P","Switch","DROP_INCOMPLETE","7",""
"RG-ES209GC-P","Switch","KEEP","10","media/reyee-clean/rg-es209gc-p/main.webp"
"RG-ES220GS-P","Switch","KEEP","7","media/reyee-clean/rg-es220gs-p/main.webp"
"RG-ES228GS-P","Switch","KEEP","10","media/reyee-clean/rg-es228gs-p/main.webp"
"RG-ES206MG-P","Switch","KEEP","10","media/reyee-clean/rg-es206mg-p/main.webp"
"RG-ES209MG-P","Switch","KEEP","10","media/reyee-clean/rg-es209mg-p/main.webp"
"RG-EG105G-V3","Router","DROP_INCOMPLETE","6",""
"RG-EG105G-P-V3","Router","DROP_INCOMPLETE","4",""
"RG-EG210G-E","Router","KEEP","9","media/reyee-clean/rg-eg210g-e/main.webp"
"RG-EG210G-P-V3","Router","DROP_INCOMPLETE","7",""
"RG-EG209GS","Router","KEEP","7","media/reyee-clean/rg-eg209gs/main.webp"
"RG-EG305GH-P-E","Router","KEEP","7","media/reyee-clean/rg-eg305gh-p-e/main.webp"
"RG-EG310GH-E","Router","DROP_INCOMPLETE","2",""
"RG-EG310GH-P-E","Router","DROP_INCOMPLETE","2",""
"RG-EG710XS","Router","KEEP","6","media/reyee-clean/rg-eg710xs/main.webp"
"RG-EG1510XS","Router","KEEP","6","media/reyee-clean/rg-eg1510xs/main.webp"
